Type,Pseud,Relationship,Fandom,Description
Request,Bxhb,Sixth Doctor/Peri Brown/Yrcanos,Doctor Who,Description
Request,Vgvj,Suzie Costello/Jack Harkness,Doctor Who,Description
Request,Bxhb,Suzie Costello/Toshiko Sato,Doctor Who,Description
Request,Ybkq,Tenth Doctor/Reinette,Doctor Who,Description
Request,Bxhb,Seventh Doctor/Twelfth Doctor,Doctor Who,Description
Request,Vgvj,Seventh Doctor/Twelfth Doctor,Doctor Who,Description
Request,Kexu,Seventh Doctor/Twelfth Doctor,Doctor Who,Description
Request,Dtae,Seventh Doctor/Twelfth Doctor,Doctor Who,Description
Request,Guqt,Tenth Doctor/Sarah Jane Smith,Doctor Who,Description
Request,Ktyl,Fourth Doctor/Sarah Jane Smith,Doctor Who,Description
Request,Onne,Fourth Doctor/Sarah Jane Smith,Doctor Who,Description
Request,Clhp,Fourth Doctor/Sarah Jane Smith,Doctor Who,Description
Request,Ybkq,Seventh Doctor/Twelfth Doctor,Doctor Who,Description
Request,Bxhb,Seventh Doctor/Twelfth Doctor,Doctor Who,Description
Request,Vgvj,Seventh Doctor/Twelfth Doctor,Doctor Who,Description
Request,Qskt,Seventh Doctor/Twelfth Doctor,Doctor Who,Description
Request,Asko,Twelfth Doctor/The Doctor's TARDIS,Doctor Who,Description
Request,Lbly,Tenth Doctor/Reinette,Doctor Who,Description
Request,Noip,Twelfth Doctor/Clara Oswin Oswald/River Song,Doctor Who,Description
Request,Kexu,Twelfth Doctor/Susan Foreman,Doctor Who,Description
Request,Dtae,Jack Harkness/Original Jack Harkness/Ianto Jones,Doctor Who,Description
Request,Onne,Grace Holloway/Martha Jones/Rory Williams,Doctor Who,Description
Request,Bxhb,Sixth Doctor/Peri Brown/Yrcanos,Doctor Who,Description
Request,Vgvj,Suzie Costello/Jack Harkness,Doctor Who,Description
Request,Asko,Seventh Doctor/Twelfth Doctor,Doctor Who,Description
Request,Lbly,Twelfth Doctor/The War Doctor,Doctor Who,Description
Request,Noip,Jack Harkness/River Song,Doctor Who,Description
Request,Kexu,Tenth Doctor/Jack Harkness/Rose Tyler,Doctor Who,Description
Request,Dtae,Tenth Doctor/The Doctor's TARDIS,Doctor Who,Description
Request,Bxhb,Suzie Costello/Toshiko Sato,Doctor Who,Description
Request,Asko,Tenth Doctor/Donna Noble,Doctor Who,Description
Request,Lbly,Twelfth Doctor/Idris,Doctor Who,Description
Request,Kexu,Twelfth Doctor/Jack Harkness,Doctor Who,Description
Request,Dtae,Clara Oswin Oswald/Amy Pond,Doctor Who,Description
Request,Asko,Clyde Langer/Luke Smith,Doctor Who,Description
Request,Lbly,Amy Pond/Rory Williams,Doctor Who,Description
Request,Dtae,Twelfth Doctor/Jo Grant,Doctor Who,Description
Request,Asko,Fifth Doctor/Tegan Jovanka/Nyssa of Traken/Vislor Turlough,Doctor Who,Description
Request,Lbly,Seventh Doctor/Twelfth Doctor,Doctor Who,Description
Request,Dtae,Colonel Mace/Captain Marian Price,Doctor Who,Description
Request,Wali,Tegan Jovanka/Nyssa of Traken,Doctor Who,Description
Request,Pkqy,Tenth Doctor/Eleventh Doctor/Twelfth Doctor,Doctor Who,Description
Request,Dxdd,Twelfth Doctor/Clara Oswin Oswald/River Song,Doctor Who,Description
Request,Vljx,Tenth Doctor/Eleventh Doctor/Twelfth Doctor,Doctor Who,Description
Request,Obml,Tenth Doctor/Jack Harkness/Rose Tyler,Doctor Who,Description
Request,Scmh,Tenth Doctor/Jackie Tyler,Doctor Who,Description
Request,Kexu,Adelaide Brooke/Wilfred Mott,Doctor Who,Description
Request,Xsjg,Tenth Doctor/Jenny (Doctor Who: The Doctor's Daughter)/Donna Noble,Doctor Who,Description
Request,Uilx,Seventh Doctor/Twelfth Doctor,Doctor Who,Description
Request,Iiew,Fourth Doctor/Sarah Jane Smith,Doctor Who,Description
Request,Smzn,Adelaide Brooke/Wilfred Mott,Doctor Who,Description
Request,Yygu,Seventh Doctor/Twelfth Doctor,Doctor Who,Description
Request,Vaen,Gwen Cooper/Jack Harkness/Ianto Jones,Doctor Who,Description
Request,Wgmv,Seventh Doctor/Twelfth Doctor,Doctor Who,Description
Request,Jsiv,Seventh Doctor/Twelfth Doctor,Doctor Who,Description
Request,Atse,Seventh Doctor/Twelfth Doctor,Doctor Who,Description
Request,Ftrq,Adelaide Brooke/Wilfred Mott,Doctor Who,Description
Request,Cuox,Seventh Doctor/Twelfth Doctor,Doctor Who,Description
Request,Crkd,Seventh Doctor/Twelfth Doctor,Doctor Who,Description
Request,Dtae,Algy (DW 2005)/Jack Harkness,Doctor Who,Description
Request,Zemp,Seventh Doctor/Twelfth Doctor,Doctor Who,Description
Request,Eyog,Seventh Doctor/Twelfth Doctor,Doctor Who,Description
Request,Guqt,Tenth Doctor/Sarah Jane Smith,Doctor Who,Description
Request,Ktyl,Alice Carter/Jack Harkness,Doctor Who,Description
Request,Otau,Tenth Doctor/Sarah Jane Smith,Doctor Who,Description
Request,Uiut,Seventh Doctor/Twelfth Doctor,Doctor Who,Description
Request,Bkhs,Adelaide Brooke/Wilfred Mott,Doctor Who,Description
Request,Inqw,Seventh Doctor/Twelfth Doctor,Doctor Who,Description
Request,Zdtd,Fourth Doctor/Sarah Jane Smith,Doctor Who,Description
Request,Onne,Seventh Doctor/Twelfth Doctor,Doctor Who,Description
Request,Clhp,Seventh Doctor/Twelfth Doctor,Doctor Who,Description
Request,Qbkj,Seventh Doctor/Twelfth Doctor,Doctor Who,Description
Request,Ybkq,Adelaide Brooke/Wilfred Mott,Doctor Who,Description
Request,#N/A,Twelfth Doctor/Alistair Gordon Lethbridge-Stewart,Doctor Who,Description
Request,Bxhb,Adelaide Brooke/Wilfred Mott,Doctor Who,Description
Request,Wali,Twelfth Doctor/Idris,Doctor Who,Description
Request,Cfli,Seventh Doctor/Twelfth Doctor,Doctor Who,Description
Request,Sbai,Twelfth Doctor/Jack Harkness/River Song,Doctor Who,Description
Request,Fqcx,Seventh Doctor/Twelfth Doctor,Doctor Who,Description
Request,Vgvj,Adelaide Brooke/Wilfred Mott,Doctor Who,Description
Request,Umts,Seventh Doctor/Twelfth Doctor,Doctor Who,Description
Request,Uzrl,Grace Holloway/Martha Jones/Rory Williams,Doctor Who,Description
Request,Fqbd,Adelaide Brooke/Wilfred Mott,Doctor Who,Description
Request,Qskt,Amy Pond/Amy Pond,Doctor Who,Description
Request,Wgcq,Seventh Doctor/Twelfth Doctor,Doctor Who,Description
Request,Pkqy,Seventh Doctor/Twelfth Doctor,Doctor Who,Description
Request,Zcxb,Vislor Turlough/Bernice Summerfield,Doctor Who,Description
Request,Ikxl,Adelaide Brooke/Wilfred Mott,Doctor Who,Description
Request,Ndza,Grace Holloway/Martha Jones/Rory Williams,Doctor Who,Description
Request,Agay,Seventh Doctor/Twelfth Doctor,Doctor Who,Description
Request,Ogal,Seventh Doctor/Twelfth Doctor,Doctor Who,Description
Request,Bukw,Seventh Doctor/Twelfth Doctor,Doctor Who,Description
Request,Asko,Gwen Cooper/Suzie Costello,Doctor Who,Description
Request,Zlnf,Seventh Doctor/Twelfth Doctor,Doctor Who,Description
Request,Wgzk,Adelaide Brooke/Wilfred Mott,Doctor Who,Description
Request,Tnlf,Seventh Doctor/Twelfth Doctor,Doctor Who,Description
Request,Mmuj,Seventh Doctor/Twelfth Doctor,Doctor Who,Description
Request,Mzyx,Amy Pond/Amy Pond,Doctor Who,Description
Request,Hinf,Seventh Doctor/Twelfth Doctor,Doctor Who,Description
Request,Uvdb,Twelfth Doctor/Jenny (Doctor Who: the Doctor's Daughter),Doctor Who,Description
Request,Jldq,Seventh Doctor/Twelfth Doctor,Doctor Who,Description
Request,Peaa,Seventh Doctor/Twelfth Doctor,Doctor Who,Description
Request,Oiab,Seventh Doctor/Twelfth Doctor,Doctor Who,Description
Request,Pvvl,Seventh Doctor/Twelfth Doctor,Doctor Who,Description
Request,Geel,Twelfth Doctor/Jo Grant,Doctor Who,Description
Request,Hwvq,Seventh Doctor/Twelfth Doctor,Doctor Who,Description
Request,Qehw,Seventh Doctor/Twelfth Doctor,Doctor Who,Description
Request,Lbly,Grace Holloway/Martha Jones/Rory Williams,Doctor Who,Description
Request,Vzci,Seventh Doctor/Twelfth Doctor,Doctor Who,Description
Request,Ixpz,Seventh Doctor/Twelfth Doctor,Doctor Who,Description
Request,Ukax,Seventh Doctor/Twelfth Doctor,Doctor Who,Description
Request,Grys,Seventh Doctor/Twelfth Doctor,Doctor Who,Description
Request,Wair,Twelfth Doctor/Kate Lethbridge-Stewart,Doctor Who,Description
Request,Fsbi,Seventh Doctor/Twelfth Doctor,Doctor Who,Description
Request,Slqd,Amy Pond/Amy Pond/Rory Williams,Doctor Who,Description
Request,Koxh,Tenth Doctor/Jenny (Doctor Who: The Doctor's Daughter)/Donna Noble,Doctor Who,Description
Request,Eocj,Ian Chesterton/Barbara Wright,Doctor Who,Description
Request,Noip,Amy Pond/Rose Tyler,Doctor Who,Description
Request,Dxdd,Seventh Doctor/Twelfth Doctor,Doctor Who,Description
Request,Vljx,Twelfth Doctor/Jo Grant,Doctor Who,Description
Request,Jdvr,Seventh Doctor/Twelfth Doctor,Doctor Who,Description
Request,Obml,Seventh Doctor/Twelfth Doctor,Doctor Who,Description
Request,Scmh,Twelfth Doctor/Susan Foreman,Doctor Who,Description
Request,Ckdx,Seventh Doctor/Twelfth Doctor,Doctor Who,Description
Request,Xaud,Barbara Wright/Master (Ainley),Doctor Who,Description
Request,Kexu,Amy Pond/Amy Pond,Doctor Who,Description
Request,Xsjg,Twelfth Doctor/The Doctor's TARDIS,Doctor Who,Description
Request,Uilx,Twelfth Doctor/The War Doctor,Doctor Who,Description
Request,Iiew,Jack Harkness/Ianto Jones/Rose Tyler,Doctor Who,Description
Request,Smzn,Ben Jackson/Jamie McCrimmon,Doctor Who,Description
Request,Yygu,Vislor Turlough/Bernice Summerfield,Doctor Who,Description
Request,Vaen,Fourth Doctor/Sarah Jane Smith,Doctor Who,Description
Request,Wgmv,Suzie Costello/Toshiko Sato,Doctor Who,Description
Request,Jsiv,Ace McShane/Clara Oswin Oswald,Doctor Who,Description
Request,Atse,Tenth Doctor/Reinette,Doctor Who,Description
Request,Ftrq,Amy Pond/Amy Pond,Doctor Who,Description
Request,Cuox,Tegan Jovanka/Nyssa of Traken,Doctor Who,Description
Request,Crkd,Tenth Doctor/Jenny (Doctor Who: The Doctor's Daughter)/Donna Noble,Doctor Who,Description
Request,Zemp,Tenth Doctor/Jack Harkness/Rose Tyler,Doctor Who,Description
Request,Eyog,Twelfth Doctor/Idris,Doctor Who,Description
Request,Guqt,Adric/Fifth Doctor,Doctor Who,Description
Request,Ktyl,Ben Jackson/Polly Wright,Doctor Who,Description
Request,Otau,Adric/Fifth Doctor,Doctor Who,Description
Request,Bkhs,Alice Carter/Jack Harkness,Doctor Who,Description
Request,Inqw,Adric/Vislor Turlough,Doctor Who,Description
Request,Zdtd,Grace Holloway/Martha Jones/Rory Williams,Doctor Who,Description
Request,Onne,Twelfth Doctor/Idris,Doctor Who,Description
Request,Clhp,Tenth Doctor/Jenny (Doctor Who: The Doctor's Daughter)/Donna Noble,Doctor Who,Description
Request,Ybkq,Amy Pond/Amy Pond,Doctor Who,Description
Request,#N/A,Amy Pond/River Song,Doctor Who,Description
Request,Wali,Twelfth Doctor/Jenny (Doctor Who: the Doctor's Daughter),Doctor Who,Description
Request,Sbai,Tenth Doctor/Sarah Jane Smith,Doctor Who,Description
Request,Fqcx,Adric/Vislor Turlough,Doctor Who,Description
Request,Vgvj,Amy Pond/Amy Pond,Doctor Who,Description
Request,Umts,Vislor Turlough/Bernice Summerfield,Doctor Who,Description
Request,Uzrl,Jack Harkness/John Hart,Doctor Who,Description
Request,Fqbd,Alice Carter/Jack Harkness,Doctor Who,Description
Request,Qskt,Bernice Summerfield/Jack Harkness,Doctor Who,Description
Request,Wgcq,Twelfth Doctor/Jenny (Doctor Who: the Doctor's Daughter),Doctor Who,Description
Request,Pkqy,Amy Pond/Rory Williams,Doctor Who,Description
Request,Zcxb,Amy Pond/Rory Williams,Doctor Who,Description
Request,Ikxl,Ben Jackson/Polly Wright,Doctor Who,Description
Request,Ndza,Ian Chesterton/Barbara Wright,Doctor Who,Description
Request,Agay,Clara Oswin Oswald/Amy Pond,Doctor Who,Description
Request,Ogal,Amy Pond/Rory Williams,Doctor Who,Description
Request,Bukw,Vislor Turlough/Bernice Summerfield,Doctor Who,Description
Request,Asko,Jack Harkness/Martha Jones,Doctor Who,Description
Request,Zlnf,Second Doctor/Zoe Heriot/Jamie McCrimmon,Doctor Who,Description
Request,Wgzk,Amy Pond/Rose Tyler,Doctor Who,Description
Request,Tnlf,Suzie Costello/Jack Harkness,Doctor Who,Description
Request,Mzyx,Bernice Summerfield/Jack Harkness,Doctor Who,Description
Request,Uvdb,Tenth Doctor/Sarah Jane Smith,Doctor Who,Description
Request,Jldq,Twelfth Doctor/Idris,Doctor Who,Description
Request,Peaa,Tenth Doctor/Rose Tyler,Doctor Who,Description
Request,Oiab,Amy Pond/Rory Williams,Doctor Who,Description
Request,Qehw,Clara Oswin Oswald/Danny Pink,Doctor Who,Description
Request,Vzci,Sixth Doctor/Peri Brown/Yrcanos,Doctor Who,Description
Request,Ixpz,Twelfth Doctor/Idris,Doctor Who,Description
Request,Ukax,Tegan Jovanka/Nyssa of Traken,Doctor Who,Description
Request,Grys,Twelfth Doctor/Idris,Doctor Who,Description
Request,Wair,Seventh Doctor/Twelfth Doctor,Doctor Who,Description
Request,Fsbi,Clara Oswin Oswald/Rose Tyler,Doctor Who,Description
Request,Slqd,Amy Pond/Amy Pond,Doctor Who,Description
Request,Koxh,Twelfth Doctor/Jo Grant,Doctor Who,Description
Request,Eocj,Grace Holloway/Martha Jones/Rory Williams,Doctor Who,Description
Request,Noip,Adelaide Brooke/Wilfred Mott,Doctor Who,Description
Request,Dxdd,Twelfth Doctor/Jack Harkness/River Song,Doctor Who,Description
Request,Vljx,Tegan Jovanka/Nyssa of Traken,Doctor Who,Description
Request,Jdvr,Twelfth Doctor/The War Doctor,Doctor Who,Description
Request,Obml,Adric/Vislor Turlough,Doctor Who,Description
Request,Scmh,Twelfth Doctor/The War Doctor,Doctor Who,Description
Request,Ckdx,Ace McShane/Clara Oswin Oswald,Doctor Who,Description
Request,Xaud,Canton Everett Delaware III/Original Character(s),Doctor Who,Description
Request,Kexu,Charley Pollard/Clara Oswald,Doctor Who,Description
Request,Xsjg,Eighth Doctor/Fitz Kreiner,Doctor Who,Description
Request,Uilx,Twelfth Doctor/Jenny (Doctor Who: the Doctor's Daughter),Doctor Who,Description
Request,Iiew,Grace Holloway/Martha Jones/Rory Williams,Doctor Who,Description
Request,Yygu,Twelfth Doctor/Idris,Doctor Who,Description
Request,Vaen,Jack Harkness/Original Jack Harkness,Doctor Who,Description
Request,Atse,Twelfth Doctor/Jack Harkness,Doctor Who,Description
Request,Ftrq,Ben Jackson/Jamie McCrimmon,Doctor Who,Description
Request,Cuox,Twelfth Doctor/Jack Harkness/River Song,Doctor Who,Description
Request,Crkd,Twelfth Doctor/The War Doctor,Doctor Who,Description
Request,Zemp,Amy Pond/Rory Williams,Doctor Who,Description
Request,Eyog,Twelfth Doctor/Jack Harkness/River Song,Doctor Who,Description
Request,Guqt,Eighth Doctor/Romana III,Doctor Who,Description
Request,Ktyl,Adelaide Brooke/Wilfred Mott,Doctor Who,Description
Request,Otau,Eighth Doctor/Romana III,Doctor Who,Description
Request,Bkhs,Amy Pond/Rose Tyler,Doctor Who,Description
Request,Inqw,Tegan Jovanka/Nyssa of Traken,Doctor Who,Description
Request,Zdtd,Gwen Cooper/Jack Harkness/Ianto Jones,Doctor Who,Description
Request,Clhp,Twelfth Doctor/Jack Harkness/River Song,Doctor Who,Description
Request,Ybkq,Charley Pollard/Clara Oswald,Doctor Who,Description
Request,#N/A,Seventh Doctor/Twelfth Doctor,Doctor Who,Description
Request,Wali,Eleventh Doctor/Amy Pond,Doctor Who,Description
Request,Sbai,Twelfth Doctor/Jo Grant,Doctor Who,Description
Request,Vgvj,Amy Pond/Rose Tyler,Doctor Who,Description
Request,Umts,Amy Pond/Rory Williams,Doctor Who,Description
Request,Uzrl,Jack Harkness/Reinette,Doctor Who,Description
Request,Fqbd,Amy Pond/Amy Pond,Doctor Who,Description
Request,Pkqy,Twelfth Doctor/The War Doctor,Doctor Who,Description
Request,Zcxb,Seventh Doctor/Twelfth Doctor,Doctor Who,Description
Request,Agay,Eighth Doctor/Romana III,Doctor Who,Description
Request,Ogal,Twelfth Doctor/Rose Tyler,Doctor Who,Description
Request,Bukw,Amy Pond/Rory Williams,Doctor Who,Description
Request,Asko,Jenny (Doctor Who: The Doctor's Daughter)/Jack Harkness,Doctor Who,Description
Request,Zlnf,Tenth Doctor/Jack Harkness/Rose Tyler,Doctor Who,Description
Request,Tnlf,Tenth Doctor/Jenny (Doctor Who: The Doctor's Daughter)/Donna Noble,Doctor Who,Description
Request,Mzyx,Charley Pollard/Donna Noble,Doctor Who,Description
Request,Uvdb,Eleventh Doctor/Amy Pond/River Song/Rory Williams,Doctor Who,Description
Request,Oiab,Vislor Turlough/Bernice Summerfield,Doctor Who,Description
Request,Qehw,Suzie Costello/Jack Harkness,Doctor Who,Description
Request,Ixpz,Amy Pond/Rory Williams,Doctor Who,Description
Request,Ukax,Amy Pond/Rory Williams,Doctor Who,Description
Request,Grys,Eleventh Doctor/Amy Pond/Rory Williams,Doctor Who,Description
Request,Wair,Eleventh Doctor/Clara Oswin Oswald,Doctor Who,Description
Request,Fsbi,Suzie Costello/Jack Harkness,Doctor Who,Description
Request,Koxh,Eighth Doctor/Bernice Summerfield,Doctor Who,Description
Request,Dxdd,Eighth Doctor/Fitz Kreiner,Doctor Who,Description
Request,Vljx,Eleventh Doctor/Jack Harkness,Doctor Who,Description
Request,Jdvr,Eleventh Doctor/Jack Harkness/River Song,Doctor Who,Description
Request,Obml,Twelfth Doctor/The War Doctor,Doctor Who,Description
Request,Scmh,Seventh Doctor/Twelfth Doctor,Doctor Who,Description
Request,Ckdx,Third Doctor/Jo Grant,Doctor Who,Description
Request,Xaud,Clara Oswin Oswald/Sally Sparrow,Doctor Who,Description
Request,Kexu,Alice Carter/Jack Harkness,Doctor Who,Description
Request,Yygu,Eleventh Doctor/River Song,Doctor Who,Description
Request,Atse,Twelfth Doctor/Idris,Doctor Who,Description
Request,Ftrq,Clyde Langer/Luke Smith,Doctor Who,Description
Request,Cuox,Twelfth Doctor/Jo Grant,Doctor Who,Description
Request,Crkd,Suzie Costello/Jack Harkness,Doctor Who,Description
Request,Eyog,Amy Pond/Rory Williams,Doctor Who,Description
Request,Ktyl,Barbara Wright/Master (Ainley),Doctor Who,Description
Request,Otau,Eleventh Doctor/Clara Oswin Oswald,Doctor Who,Description
Request,Bkhs,Colonel Mace/Captain Marian Price,Doctor Who,Description
Request,Inqw,Eleventh Doctor/Clara Oswin Oswald,Doctor Who,Description
Request,Zdtd,Jenny (Doctor Who: The Doctor's Daughter)/Susan Foreman/Twelfth Doctor,Doctor Who,Description
Request,Clhp,Eleventh Doctor/River Song/The Doctor's TARDIS,Doctor Who,Description
Request,Ybkq,Eighth Doctor/Bernice Summerfield,Doctor Who,Description
Request,Wali,Eleventh Doctor/Rory Williams,Doctor Who,Description
Request,Umts,Eleventh Doctor/Rose Tyler,Doctor Who,Description
Request,Uzrl,Gwen Cooper/Jack Harkness/Ianto Jones,Doctor Who,Description
Request,Pkqy,Vislor Turlough/Bernice Summerfield,Doctor Who,Description
Request,Zcxb,Tenth Doctor/Eleventh Doctor/Twelfth Doctor,Doctor Who,Description
Request,Ogal,Eighth Doctor/Charley Pollard,Doctor Who,Description
Request,Asko,Grace Holloway/Martha Jones/Rory Williams,Doctor Who,Description
Request,Zlnf,Clara Oswin Oswald/Rose Tyler,Doctor Who,Description
Request,Mzyx,Eighth Doctor/Charley Pollard,Doctor Who,Description
Request,Oiab,Seventh Doctor/Sarah Jane Smith,Doctor Who,Description
Request,Qehw,Tenth Doctor/Jenny (Doctor Who: The Doctor's Daughter)/Donna Noble,Doctor Who,Description
Request,Ixpz,Clara Oswin Oswald/Rose Tyler,Doctor Who,Description
Request,Fsbi,Eleventh Doctor/Tasha Lem,Doctor Who,Description
Request,Koxh,Fifth Doctor/Tegan Jovanka/Nyssa of Traken/Vislor Turlough,Doctor Who,Description
Request,Dxdd,Sixth Doctor/Peri Brown/Yrcanos,Doctor Who,Description
Request,Vljx,Eleventh Doctor/The Doctor's TARDIS,Doctor Who,Description
Request,Obml,Twelfth Doctor/Idris,Doctor Who,Description
Request,Scmh,Adric/Vislor Turlough,Doctor Who,Description
Request,Ckdx,Tenth Doctor/Eleventh Doctor/Twelfth Doctor,Doctor Who,Description
Request,Kexu,Amy Pond/Rose Tyler,Doctor Who,Description
Request,Iiew,Jenny (Doctor Who: The Doctor's Daughter)/The Master (Simm),Doctor Who,Description
Request,Yygu,Suzie Costello/Jack Harkness,Doctor Who,Description
Request,Atse,Eighth Doctor/Donna Noble,Doctor Who,Description
Request,Ftrq,Eighth Doctor/Donna Noble,Doctor Who,Description
Request,Cuox,Fifth Doctor/Clara Oswin Oswald,Doctor Who,Description
Request,Crkd,Twelfth Doctor/Jo Grant,Doctor Who,Description
Request,Zemp,Twelfth Doctor/Idris,Doctor Who,Description
Request,Eyog,Sixth Doctor/Peri Brown/Yrcanos,Doctor Who,Description
Request,Ktyl,Charley Pollard/Clara Oswald,Doctor Who,Description
Request,Otau,Seventh Doctor/Twelfth Doctor,Doctor Who,Description
Request,Bkhs,Eighth Doctor/Grace Holloway,Doctor Who,Description
Request,Inqw,Fifth Doctor/Tegan Jovanka,Doctor Who,Description
Request,Zdtd,Jack Harkness/Original Jack Harkness,Doctor Who,Description
Request,Clhp,Fifth Doctor/Tegan Jovanka/Nyssa of Traken/Vislor Turlough,Doctor Who,Description
Request,Ybkq,Eighth Doctor/Grace Holloway/The Master (Roberts),Doctor Who,Description
Request,Wali,Fifth Doctor/Vislor Turlough,Doctor Who,Description
Request,Sbai,Eighth Doctor/Romana III,Doctor Who,Description
Request,Vgvj,Eighth Doctor/Martha Jones,Doctor Who,Description
Request,Umts,First Doctor/River Song,Doctor Who,Description
Request,Uzrl,Jack Harkness/Original Jack Harkness,Doctor Who,Description
Request,Fqbd,Eighth Doctor/Sarah Jane Smith,Doctor Who,Description
Request,Pkqy,Ian Chesterton/Clara Oswin Oswald,Doctor Who,Description
Request,Zcxb,Suzie Costello/Toshiko Sato,Doctor Who,Description
Request,Ogal,Clara Oswin Oswald/Rose Tyler,Doctor Who,Description
Request,Bukw,Twelfth Doctor/Idris,Doctor Who,Description
Request,Asko,Jack Harkness/Ianto Jones/Rose Tyler,Doctor Who,Description
Request,Zlnf,Twelfth Doctor/Jenny (Doctor Who: the Doctor's Daughter),Doctor Who,Description
Request,Mzyx,Amy Pond/Amy Pond/Rory Williams,Doctor Who,Description
Request,Oiab,Sixth Doctor/Peri Brown/Yrcanos,Doctor Who,Description
Request,Qehw,Adric/Vislor Turlough,Doctor Who,Description
Request,Ixpz,Eighth Doctor/Romana III,Doctor Who,Description
Request,Ukax,Adric/Vislor Turlough,Doctor Who,Description
Request,Grys,Jack Harkness/Ianto Jones,Doctor Who,Description
Request,Fsbi,Jack Harkness/Original Jack Harkness/Ianto Jones,Doctor Who,Description
Request,Koxh,Eighth Doctor/Grace Holloway,Doctor Who,Description
Request,Dxdd,Clara Oswin Oswald/Rose Tyler,Doctor Who,Description
Request,Vljx,Amy Pond/Rory Williams,Doctor Who,Description
Request,Obml,Twelfth Doctor/Jo Grant,Doctor Who,Description
Request,Scmh,Tenth Doctor/Jack Harkness/Rose Tyler,Doctor Who,Description
Request,Ckdx,Sixth Doctor/Peri Brown/Yrcanos,Doctor Who,Description
Request,Xaud,Amy Pond/Amy Pond/Rory Williams,Doctor Who,Description
Request,Kexu,Eighth Doctor/The Doctor's TARDIS,Doctor Who,Description
Request,Yygu,Clara Oswin Oswald/Rose Tyler,Doctor Who,Description
Request,Atse,Eighth Doctor/Grace Holloway/The Master (Roberts),Doctor Who,Description
Request,Ftrq,Eleventh Doctor/Alistair Gordon Lethbridge-Stewart/Kate Lethbridge-Stewart,Doctor Who,Description
Request,Cuox,Jack Harkness/River Song,Doctor Who,Description
Request,Crkd,Eighth Doctor/Romana III,Doctor Who,Description
Request,Ktyl,Eighth Doctor/Charley Pollard,Doctor Who,Description
Request,Otau,Twelfth Doctor/Jack Harkness/River Song,Doctor Who,Description
Request,Bkhs,Eighth Doctor/Charley Pollard,Doctor Who,Description
Request,Zdtd,Jenny Flint/River Song/Madame Vastra,Doctor Who,Description
Request,Clhp,Suzie Costello/Jack Harkness,Doctor Who,Description
Request,Wali,Jack Harkness/Rose Tyler,Doctor Who,Description
Request,Uzrl,Jenny Flint/Strax/Madame Vastra,Doctor Who,Description
Request,Pkqy,Ace McShane/Clara Oswin Oswald,Doctor Who,Description
Request,Zcxb,Eighth Doctor/Martha Jones,Doctor Who,Description
Request,Ogal,Twelfth Doctor/Idris,Doctor Who,Description
Request,Zlnf,Tenth Doctor/Jack Harkness,Doctor Who,Description
Request,Oiab,Tenth Doctor/Eleventh Doctor/Twelfth Doctor,Doctor Who,Description
Request,Qehw,Twelfth Doctor/Jack Harkness/River Song,Doctor Who,Description
Request,Ixpz,Jenny (Doctor Who: The Doctor's Daughter)/River Song,Doctor Who,Description
Request,Fsbi,Jenny Flint/Clara Oswin Oswald/Madame Vastra,Doctor Who,Description
Request,Dxdd,Tenth Doctor/Jenny (Doctor Who: The Doctor's Daughter)/Donna Noble,Doctor Who,Description
Request,Vljx,Jenny Flint/Madame Vastra,Doctor Who,Description
Request,Obml,Twelfth Doctor/Susan Foreman,Doctor Who,Description
Request,Scmh,Martha Jones/Mickey Smith,Doctor Who,Description
Request,Ckdx,Eleventh Doctor/Jack Harkness/River Song,Doctor Who,Description
Request,Kexu,Ben Jackson/Jamie McCrimmon,Doctor Who,Description
Request,Yygu,Amy Pond/River Song,Doctor Who,Description
Request,Crkd,Martha Jones/Thomas Milligan,Doctor Who,Description
Request,Ktyl,Ben Jackson/Jamie McCrimmon,Doctor Who,Description
Request,Otau,Fifth Doctor/Tegan Jovanka,Doctor Who,Description
Request,Bkhs,Ben Jackson/Polly Wright,Doctor Who,Description
Request,Clhp,Martha Jones/Thomas Milligan/Mickey Smith,Doctor Who,Description
Request,Wali,Ninth Doctor/Donna Noble,Doctor Who,Description
Request,Uzrl,Jenny (Doctor Who: The Doctor's Daughter)/Susan Foreman/Twelfth Doctor,Doctor Who,Description
Request,Pkqy,Ninth Doctor/Jack Harkness/Rose Tyler,Doctor Who,Description
Request,Ogal,Twelfth Doctor/The War Doctor,Doctor Who,Description
Request,Oiab,Clara Oswin Oswald/Rose Tyler,Doctor Who,Description
Request,Qehw,Tenth Doctor/Eleventh Doctor/Twelfth Doctor,Doctor Who,Description
Request,Fsbi,Ninth Doctor/Rose Tyler,Doctor Who,Description
Request,Dxdd,Eighth Doctor/Sarah Jane Smith,Doctor Who,Description
Request,Vljx,Ninth Doctor/The Doctor's TARDIS,Doctor Who,Description
Request,Obml,Twelfth Doctor/Alistair Gordon Lethbridge-Stewart,Doctor Who,Description
Request,Scmh,Tenth Doctor/Jenny (Doctor Who: The Doctor's Daughter)/Donna Noble,Doctor Who,Description
Request,Crkd,Adric/Vislor Turlough,Doctor Who,Description
Request,Ktyl,Eleventh Doctor/Eleventh Doctor (Ganger)/Jack Harkness,Doctor Who,Description
Request,Otau,Twelfth Doctor/Jo Grant,Doctor Who,Description
Request,Bkhs,Barbara Wright/Master (Ainley),Doctor Who,Description
Request,Wali,Eleventh Doctor/The Doctor's TARDIS,Doctor Who,Description
Request,Uzrl,Jethro Cane/Tenth Doctor,Doctor Who,Description
Request,Pkqy,Tegan Jovanka/Nyssa of Traken,Doctor Who,Description
Request,Ogal,Sixth Doctor/Peri Brown/Yrcanos,Doctor Who,Description
Request,Fsbi,River Song/The Doctor's TARDIS,Doctor Who,Description
Request,Dxdd,Eighth Doctor/The Doctor's TARDIS,Doctor Who,Description
Request,Vljx,Clara Oswin Oswald/Rose Tyler,Doctor Who,Description
Request,Obml,Eighth Doctor/Fitz Kreiner,Doctor Who,Description
Request,Scmh,Suzie Costello/Jack Harkness,Doctor Who,Description
Request,Wali,Vislor Turlough/Bernice Summerfield,Doctor Who,Description
Request,Dxdd,Tenth Doctor/The Master (Simm),Doctor Who,Description
Request,Vljx,Jenny (Doctor Who: The Doctor's Daughter)/River Song,Doctor Who,Description
Request,Obml,Eighth Doctor/Romana III,Doctor Who,Description
Request,Scmh,Sarah Jane Smith/Harry Sullivan,Doctor Who,Description
Request,Vljx,Twelfth Doctor/Jenny (Doctor Who: the Doctor's Daughter),Doctor Who,Description
Request,Iiew,Clara Oswin Oswald/Amy Pond,Doctor Who,Description
Request,Dtae,Clara Oswin Oswald/Amy Pond,Doctor Who,Description
Request,Zemp,Amy Pond/Rory Williams,Doctor Who,Description
Request,Eyog,Sixth Doctor/Peri Brown/Yrcanos,Doctor Who,Description
Request,Guqt,Eleventh Doctor/Twelfth Doctor/River Song,Doctor Who,Description
Request,Otau,Seventh Doctor/Twelfth Doctor,Doctor Who,Description
Request,Inqw,Fifth Doctor/Tegan Jovanka,Doctor Who,Description
Request,Clhp,Suzie Costello/Jack Harkness,Doctor Who,Description
Request,Wali,Alice Carter/Jack Harkness,Doctor Who,Description
Request,Uzrl,Eleventh Doctor/Amy Pond,Doctor Who,Description
Request,Pkqy,Ian Chesterton/Clara Oswin Oswald,Doctor Who,Description
Request,Asko,Suzie Costello/Jack Harkness,Doctor Who,Description
Request,Zlnf,Second Doctor/Zoe Heriot/Jamie McCrimmon,Doctor Who,Description
Request,Oiab,Seventh Doctor/Sarah Jane Smith,Doctor Who,Description
Request,Qehw,Twelfth Doctor/Jack Harkness/River Song,Doctor Who,Description
Request,Lbly,Amy Pond/Rory Williams,Doctor Who,Description
Request,Ixpz,Amy Pond/Rory Williams,Doctor Who,Description
Request,Vljx,Tenth Doctor/Eleventh Doctor/Twelfth Doctor,Doctor Who,Description
Request,Jdvr,Eighth Doctor/Charley Pollard,Doctor Who,Description
Request,Scmh,Twelfth Doctor/Jack Harkness/River Song,Doctor Who,Description
Request,Ckdx,Tenth Doctor/Eleventh Doctor/Twelfth Doctor,Doctor Who,Description
Request,Dtae,Twelfth Doctor/Jo Grant,Doctor Who,Description
Request,Eyog,Amy Pond/Rory Williams,Doctor Who,Description
Request,Otau,Eleventh Doctor/Clara Oswin Oswald,Doctor Who,Description
Request,Inqw,Eleventh Doctor/Clara Oswin Oswald,Doctor Who,Description
Request,Clhp,Martha Jones/Thomas Milligan/Mickey Smith,Doctor Who,Description
Request,Wali,Eleventh Doctor/The Doctor's TARDIS,Doctor Who,Description
Request,Uzrl,Eleventh Doctor/Alistair Gordon Lethbridge-Stewart/Kate Lethbridge-Stewart,Doctor Who,Description
Request,Pkqy,Ace McShane/Clara Oswin Oswald,Doctor Who,Description
Request,Asko,Tenth Doctor/Donna Noble,Doctor Who,Description
Request,Zlnf,Clara Oswin Oswald/Rose Tyler,Doctor Who,Description
Request,Oiab,Sixth Doctor/Peri Brown/Yrcanos,Doctor Who,Description
Request,Qehw,Suzie Costello/Jack Harkness,Doctor Who,Description
Request,Lbly,Seventh Doctor/Twelfth Doctor,Doctor Who,Description
Request,Vljx,Adric/Vislor Turlough,Doctor Who,Description
Request,Scmh,Seventh Doctor/Twelfth Doctor,Doctor Who,Description
Request,Ckdx,Sixth Doctor/Peri Brown/Yrcanos,Doctor Who,Description
Request,Otau,Twelfth Doctor/Jack Harkness/River Song,Doctor Who,Description
Request,Clhp,Eleventh Doctor/River Song/The Doctor's TARDIS,Doctor Who,Description
Request,Uzrl,First Doctor/River Song,Doctor Who,Description
Request,Pkqy,Tenth Doctor/Eleventh Doctor/Twelfth Doctor,Doctor Who,Description
Request,Zlnf,Tenth Doctor/Jack Harkness,Doctor Who,Description
Request,Oiab,Seventh Doctor/Twelfth Doctor,Doctor Who,Description
Request,Qehw,Clara Oswin Oswald/Danny Pink,Doctor Who,Description
Request,Vljx,Clyde Langer/Luke Smith,Doctor Who,Description
Request,Scmh,Twelfth Doctor/The War Doctor,Doctor Who,Description
Request,Ckdx,Eleventh Doctor/Jack Harkness/River Song,Doctor Who,Description
Request,Otau,Fifth Doctor/Tegan Jovanka,Doctor Who,Description
Request,Clhp,Eleventh Doctor/Eleventh Doctor (Ganger)/Jack Harkness,Doctor Who,Description
Request,Pkqy,Ninth Doctor/Jack Harkness/Rose Tyler,Doctor Who,Description
Request,Oiab,Clara Oswin Oswald/Rose Tyler,Doctor Who,Description
Request,Qehw,Tenth Doctor/Eleventh Doctor/Twelfth Doctor,Doctor Who,Description
Request,Vljx,Suzie Costello/Jack Harkness,Doctor Who,Description
Request,Scmh,Eleventh Doctor/Twelfth Doctor/River Song,Doctor Who,Description
Request,Kexu,Grace Holloway/Martha Jones/Rory Williams,Doctor Who,Description
Request,Xsjg,Eighth Doctor/Fitz Kreiner,Doctor Who,Description
Request,Iiew,Tegan Jovanka/Nyssa of Traken,Doctor Who,Description
Request,Wgmv,Alice Carter/Jack Harkness,Doctor Who,Description
Request,Dtae,Jack Harkness/Original Jack Harkness/Ianto Jones,Doctor Who,Description
Request,Zemp,Seventh Doctor/Twelfth Doctor,Doctor Who,Description
Request,Eyog,Seventh Doctor/Twelfth Doctor,Doctor Who,Description
Request,Guqt,Adelaide Brooke/Wilfred Mott,Doctor Who,Description
Request,Ktyl,Tenth Doctor/Jack Harkness/Rose Tyler,Doctor Who,Description
Request,Otau,Tenth Doctor/Sarah Jane Smith,Doctor Who,Description
Request,Bkhs,Larry Nightingale/Sally Sparrow,Doctor Who,Description
Request,Inqw,Seventh Doctor/Twelfth Doctor,Doctor Who,Description
Request,Onne,Seventh Doctor/Twelfth Doctor,Doctor Who,Description
Request,Clhp,Seventh Doctor/Twelfth Doctor,Doctor Who,Description
Request,Ybkq,Maria Jackson/Clyde Langer/Luke Smith,Doctor Who,Description
Request,Bxhb,Grace Holloway/Martha Jones/Rory Williams,Doctor Who,Description
Request,Wali,Twelfth Doctor/Idris,Doctor Who,Description
Request,Cfli,Seventh Doctor/Twelfth Doctor,Doctor Who,Description
Request,Fqcx,Seventh Doctor/Twelfth Doctor,Doctor Who,Description
Request,Vgvj,Grace Holloway/Martha Jones/Rory Williams,Doctor Who,Description
Request,Uzrl,Seventh Doctor/Twelfth Doctor,Doctor Who,Description
Request,Qskt,Seventh Doctor/Twelfth Doctor,Doctor Who,Description
Request,Pkqy,Seventh Doctor/Twelfth Doctor,Doctor Who,Description
Request,Agay,Seventh Doctor/Twelfth Doctor,Doctor Who,Description
Request,Asko,Seventh Doctor/Twelfth Doctor,Doctor Who,Description
Request,Zlnf,Seventh Doctor/Twelfth Doctor,Doctor Who,Description
Request,Wgzk,Larry Nightingale/Sally Sparrow,Doctor Who,Description
Request,Tnlf,Seventh Doctor/Twelfth Doctor,Doctor Who,Description
Request,Mmuj,Seventh Doctor/Twelfth Doctor,Doctor Who,Description
Request,Hinf,Seventh Doctor/Twelfth Doctor,Doctor Who,Description
Request,Peaa,Seventh Doctor/Twelfth Doctor,Doctor Who,Description
Request,Oiab,Vislor Turlough/Bernice Summerfield,Doctor Who,Description
Request,Pvvl,Seventh Doctor/Twelfth Doctor,Doctor Who,Description
Request,Geel,Twelfth Doctor/Jo Grant,Doctor Who,Description
Request,Hwvq,Seventh Doctor/Twelfth Doctor,Doctor Who,Description
Request,Qehw,Seventh Doctor/Twelfth Doctor,Doctor Who,Description
Request,Lbly,Tenth Doctor/Reinette,Doctor Who,Description
Request,Vzci,Seventh Doctor/Twelfth Doctor,Doctor Who,Description
Request,Ixpz,Seventh Doctor/Twelfth Doctor,Doctor Who,Description
Request,Koxh,Martha Jones/Charley Pollard,Doctor Who,Description
Request,Noip,Ian Chesterton/Barbara Wright,Doctor Who,Description
Request,Vljx,Twelfth Doctor/Jo Grant,Doctor Who,Description
Request,Jdvr,Seventh Doctor/Twelfth Doctor,Doctor Who,Description
Request,Scmh,Adelaide Brooke/Wilfred Mott,Doctor Who,Description
Request,Ckdx,Seventh Doctor/Twelfth Doctor,Doctor Who,Description
Request,Xsjg,Twelfth Doctor/The Doctor's TARDIS,Doctor Who,Description
Request,Iiew,Tenth Doctor/Jack Harkness/Rose Tyler,Doctor Who,Description
Request,Wgmv,Fifth Doctor/Jack Harkness,Doctor Who,Description
Request,Dtae,Seventh Doctor/Twelfth Doctor,Doctor Who,Description
Request,Zemp,Twelfth Doctor/Idris,Doctor Who,Description
Request,Eyog,Twelfth Doctor/Idris,Doctor Who,Description
Request,Guqt,Ben Jackson/Jamie McCrimmon,Doctor Who,Description
Request,Ktyl,Seventh Doctor/Twelfth Doctor,Doctor Who,Description
Request,Otau,Adric/Fifth Doctor,Doctor Who,Description
Request,Inqw,Adric/Vislor Turlough,Doctor Who,Description
Request,Onne,Twelfth Doctor/Idris,Doctor Who,Description
Request,Clhp,Tenth Doctor/Jenny (Doctor Who: The Doctor's Daughter)/Donna Noble,Doctor Who,Description
Request,Ybkq,Grace Holloway/Martha Jones/Rory Williams,Doctor Who,Description
Request,Bxhb,Jenny Flint/Strax/Madame Vastra,Doctor Who,Description
Request,Wali,Jack Harkness/Rose Tyler,Doctor Who,Description
Request,Fqcx,Adric/Vislor Turlough,Doctor Who,Description
Request,Vgvj,Fourth Doctor/Sarah Jane Smith,Doctor Who,Description
Request,Uzrl,Amy Pond/Rory Williams,Doctor Who,Description
Request,Pkqy,Amy Pond/Rory Williams,Doctor Who,Description
Request,Agay,Clara Oswin Oswald/Amy Pond,Doctor Who,Description
Request,Asko,Twelfth Doctor/The Doctor's TARDIS,Doctor Who,Description
Request,Zlnf,Tenth Doctor/Jack Harkness/Rose Tyler,Doctor Who,Description
Request,Tnlf,Suzie Costello/Jack Harkness,Doctor Who,Description
Request,Peaa,Tenth Doctor/Rose Tyler,Doctor Who,Description
Request,Oiab,Amy Pond/Rory Williams,Doctor Who,Description
Request,Qehw,Adric/Vislor Turlough,Doctor Who,Description
Request,Lbly,Twelfth Doctor/The War Doctor,Doctor Who,Description
Request,Vzci,Sixth Doctor/Peri Brown/Yrcanos,Doctor Who,Description
Request,Ixpz,Twelfth Doctor/Idris,Doctor Who,Description
Request,Koxh,Martha Jones/Donna Noble,Doctor Who,Description
Request,Vljx,Amy Pond/Rory Williams,Doctor Who,Description
Request,Jdvr,Twelfth Doctor/The War Doctor,Doctor Who,Description
Request,Scmh,Third Doctor/Jo Grant/Alistair Gordon Lethbridge-Stewart,Doctor Who,Description
Request,Ckdx,Ace McShane/Clara Oswin Oswald,Doctor Who,Description
Request,Iiew,Seventh Doctor/Twelfth Doctor,Doctor Who,Description
Request,Dtae,Tenth Doctor/The Doctor's TARDIS,Doctor Who,Description
Request,Zemp,Tenth Doctor/Jack Harkness/Rose Tyler,Doctor Who,Description
Request,Eyog,Twelfth Doctor/Jack Harkness/River Song,Doctor Who,Description
Request,Guqt,Fifth Doctor/Nyssa of Traken,Doctor Who,Description
Request,Otau,Eighth Doctor/Romana III,Doctor Who,Description
Request,Inqw,Tegan Jovanka/Nyssa of Traken,Doctor Who,Description
Request,Clhp,Twelfth Doctor/Jack Harkness/River Song,Doctor Who,Description
Request,Ybkq,Fourth Doctor/Sarah Jane Smith,Doctor Who,Description
Request,Bxhb,Martha Jones/Sarah Jane Smith,Doctor Who,Description
Request,Wali,Amy Pond/Rory Williams,Doctor Who,Description
Request,Fqcx,Tenth Doctor/The Master (Simm),Doctor Who,Description
Request,Vgvj,Mary/Toshiko Sato,Doctor Who,Description
Request,Uzrl,Vislor Turlough/Bernice Summerfield,Doctor Who,Description
Request,Pkqy,Tegan Jovanka/Nyssa of Traken,Doctor Who,Description
Request,Agay,Eighth Doctor/Romana III,Doctor Who,Description
Request,Asko,Fifth Doctor/Tegan Jovanka/Nyssa of Traken/Vislor Turlough,Doctor Who,Description
Request,Zlnf,Twelfth Doctor/Jenny (Doctor Who: the Doctor's Daughter),Doctor Who,Description
Request,Tnlf,Tenth Doctor/Jenny (Doctor Who: The Doctor's Daughter)/Donna Noble,Doctor Who,Description
Request,Oiab,Tenth Doctor/Eleventh Doctor/Twelfth Doctor,Doctor Who,Description
Request,Qehw,Tenth Doctor/Jenny (Doctor Who: The Doctor's Daughter)/Donna Noble,Doctor Who,Description
Request,Lbly,Twelfth Doctor/Idris,Doctor Who,Description
Request,Ixpz,Clara Oswin Oswald/Rose Tyler,Doctor Who,Description
Request,Vljx,Jenny Flint/Madame Vastra,Doctor Who,Description
Request,Jdvr,Eleventh Doctor/Jack Harkness/River Song,Doctor Who,Description
Request,Scmh,Twelfth Doctor/Susan Foreman,Doctor Who,Description
Request,Ckdx,Third Doctor/Jo Grant,Doctor Who,Description
Request,Otau,Twelfth Doctor/Jo Grant,Doctor Who,Description
Request,Vljx,Tenth Doctor/Jenny (Doctor Who: The Doctor's Daughter)/Donna Noble,Doctor Who,Description
Offer,Ixpz,Twelfth Doctor/Jo Grant,Doctor Who,Description
Offer,Kexu,Ben Jackson/Jamie McCrimmon,Doctor Who,Description
Offer,Uilx,Amy Pond/River Song,Doctor Who,Description
Offer,Inqw,Fifth Doctor/Tegan Jovanka,Doctor Who,Description
Offer,Zdtd,Martha Jones/Sarah Jane Smith,Doctor Who,Description
Offer,#N/A,Twelfth Doctor/Idris,Doctor Who,Description
Offer,Uzrl,Master (Simm)/River Song,Doctor Who,Description
Offer,Fqbd,Eighth Doctor/The Doctor's TARDIS,Doctor Who,Description
Offer,Asko,Mickey Smith/Rose Tyler,Doctor Who,Description
Offer,Mzyx,Eighth Doctor/Charley Pollard,Doctor Who,Description
Offer,Qehw,Jack Harkness/Original Jack Harkness/Ianto Jones,Doctor Who,Description
Offer,Lbly,Eleventh Doctor/The Doctor's TARDIS,Doctor Who,Description
Offer,Vzci,Vislor Turlough/Bernice Summerfield,Doctor Who,Description
Offer,Fsbi,Tenth Doctor/Jenny (Doctor Who: The Doctor's Daughter)/Donna Noble,Doctor Who,Description
Offer,Koxh,Fifth Doctor/Jack Harkness,Doctor Who,Description
Offer,Eocj,Grace Holloway/Martha Jones/Rory Williams,Doctor Who,Description
Offer,Dxdd,First Doctor/River Song,Doctor Who,Description
Offer,Vljx,Amy Pond/Rory Williams,Doctor Who,Description
Offer,Obml,Twelfth Doctor/Alistair Gordon Lethbridge-Stewart,Doctor Who,Description
Offer,Scmh,Suzie Costello/Jack Harkness,Doctor Who,Description
Offer,Ckdx,Seventh Doctor/Sarah Jane Smith,Doctor Who,Description
Offer,Xaud,Amy Pond/Rose Tyler,Doctor Who,Description
Offer,Pkqy,Seventh Doctor/Twelfth Doctor,Doctor Who,Description
Offer,Peaa,Ace McShane/Clara Oswin Oswald,Doctor Who,Description
Offer,Pvvl,Seventh Doctor/Twelfth Doctor,Doctor Who,Description
Offer,Ixpz,Seventh Doctor/Twelfth Doctor,Doctor Who,Description
Offer,Grys,Seventh Doctor/Twelfth Doctor,Doctor Who,Description
Offer,Wair,Tenth Doctor/Jack Harkness/Rose Tyler,Doctor Who,Description
Offer,Mmuj,Seventh Doctor/Twelfth Doctor,Doctor Who,Description
Offer,Noip,Adelaide Brooke/Wilfred Mott,Doctor Who,Description
Offer,Oiab,Grace Holloway/Martha Jones/Rory Williams,Doctor Who,Description
Offer,Kexu,Adelaide Brooke/Wilfred Mott,Doctor Who,Description
Offer,Xsjg,Twelfth Doctor/The Doctor's TARDIS,Doctor Who,Description
Offer,Uilx,Seventh Doctor/Twelfth Doctor,Doctor Who,Description
Offer,Iiew,Fourth Doctor/Sarah Jane Smith,Doctor Who,Description
Offer,Smzn,Adelaide Brooke/Wilfred Mott,Doctor Who,Description
Offer,Yygu,Seventh Doctor/Twelfth Doctor,Doctor Who,Description
Offer,Vaen,Fourth Doctor/Sarah Jane Smith,Doctor Who,Description
Offer,Wgmv,Seventh Doctor/Twelfth Doctor,Doctor Who,Description
Offer,Jsiv,Seventh Doctor/Twelfth Doctor,Doctor Who,Description
Offer,Atse,Seventh Doctor/Twelfth Doctor,Doctor Who,Description
Offer,Ftrq,Adelaide Brooke/Wilfred Mott,Doctor Who,Description
Offer,Cuox,Seventh Doctor/Twelfth Doctor,Doctor Who,Description
Offer,Crkd,Seventh Doctor/Twelfth Doctor,Doctor Who,Description
Offer,Dtae,Fourth Doctor/Sarah Jane Smith,Doctor Who,Description
Offer,Zemp,Seventh Doctor/Twelfth Doctor,Doctor Who,Description
Offer,Eyog,Seventh Doctor/Twelfth Doctor,Doctor Who,Description
Offer,Ktyl,Adelaide Brooke/Wilfred Mott,Doctor Who,Description
Offer,Otau,Tenth Doctor/Sarah Jane Smith,Doctor Who,Description
Offer,Uiut,Seventh Doctor/Twelfth Doctor,Doctor Who,Description
Offer,Bkhs,Eighth Doctor/Charley Pollard,Doctor Who,Description
Offer,Inqw,Seventh Doctor/Twelfth Doctor,Doctor Who,Description
Offer,Zdtd,Fourth Doctor/Sarah Jane Smith,Doctor Who,Description
Offer,Onne,Seventh Doctor/Twelfth Doctor,Doctor Who,Description
Offer,Clhp,Fourth Doctor/Sarah Jane Smith,Doctor Who,Description
Offer,Qbkj,Seventh Doctor/Twelfth Doctor,Doctor Who,Description
Offer,Ybkq,Adelaide Brooke/Wilfred Mott,Doctor Who,Description
Offer,#N/A,Third Doctor/Jo Grant/Alistair Gordon Lethbridge-Stewart,Doctor Who,Description
Offer,Bxhb,Adelaide Brooke/Wilfred Mott,Doctor Who,Description
Offer,Wali,Twelfth Doctor/Jenny (Doctor Who: the Doctor's Daughter),Doctor Who,Description
Offer,Cfli,Seventh Doctor/Twelfth Doctor,Doctor Who,Description
Offer,Sbai,Twelfth Doctor/Jack Harkness/River Song,Doctor Who,Description
Offer,Fqcx,Seventh Doctor/Twelfth Doctor,Doctor Who,Description
Offer,Vgvj,Adelaide Brooke/Wilfred Mott,Doctor Who,Description
Offer,Umts,Seventh Doctor/Twelfth Doctor,Doctor Who,Description
Offer,Uzrl,Grace Holloway/Martha Jones/Rory Williams,Doctor Who,Description
Offer,Fqbd,Adelaide Brooke/Wilfred Mott,Doctor Who,Description
Offer,Qskt,Amy Pond/Amy Pond,Doctor Who,Description
Offer,Wgcq,Seventh Doctor/Twelfth Doctor,Doctor Who,Description
Offer,Zcxb,Vislor Turlough/Bernice Summerfield,Doctor Who,Description
Offer,Ikxl,Adelaide Brooke/Wilfred Mott,Doctor Who,Description
Offer,Ndza,Grace Holloway/Martha Jones/Rory Williams,Doctor Who,Description
Offer,Agay,Seventh Doctor/Twelfth Doctor,Doctor Who,Description
Offer,Ogal,Seventh Doctor/Twelfth Doctor,Doctor Who,Description
Offer,Bukw,Seventh Doctor/Twelfth Doctor,Doctor Who,Description
Offer,Asko,Grace Holloway/Martha Jones/Rory Williams,Doctor Who,Description
Offer,Zlnf,Clara Oswin Oswald/Rose Tyler,Doctor Who,Description
Offer,Wgzk,Adelaide Brooke/Wilfred Mott,Doctor Who,Description
Offer,Tnlf,Seventh Doctor/Twelfth Doctor,Doctor Who,Description
Offer,Mzyx,Adelaide Brooke/Wilfred Mott,Doctor Who,Description
Offer,Hinf,Seventh Doctor/Twelfth Doctor,Doctor Who,Description
Offer,Uvdb,Seventh Doctor/Twelfth Doctor,Doctor Who,Description
Offer,Jldq,Seventh Doctor/Twelfth Doctor,Doctor Who,Description
Offer,Geel,Twelfth Doctor/Jo Grant,Doctor Who,Description
Offer,Hwvq,Seventh Doctor/Twelfth Doctor,Doctor Who,Description
Offer,Qehw,Seventh Doctor/Twelfth Doctor,Doctor Who,Description
Offer,Lbly,Tenth Doctor/Reinette,Doctor Who,Description
Offer,Vzci,Seventh Doctor/Twelfth Doctor,Doctor Who,Description
Offer,Ukax,Seventh Doctor/Twelfth Doctor,Doctor Who,Description
Offer,Fsbi,Seventh Doctor/Twelfth Doctor,Doctor Who,Description
Offer,Slqd,Jack Harkness/Ianto Jones/Rose Tyler,Doctor Who,Description
Offer,Koxh,Tenth Doctor/Jenny (Doctor Who: The Doctor's Daughter)/Donna Noble,Doctor Who,Description
Offer,Eocj,Fourth Doctor/Sarah Jane Smith,Doctor Who,Description
Offer,Dxdd,Seventh Doctor/Twelfth Doctor,Doctor Who,Description
Offer,Vljx,Twelfth Doctor/Jenny (Doctor Who: the Doctor's Daughter),Doctor Who,Description
Offer,Jdvr,Seventh Doctor/Twelfth Doctor,Doctor Who,Description
Offer,Obml,Seventh Doctor/Twelfth Doctor,Doctor Who,Description
Offer,Scmh,Tenth Doctor/Jenny (Doctor Who: The Doctor's Daughter)/Donna Noble,Doctor Who,Description
Offer,Ckdx,Seventh Doctor/Twelfth Doctor,Doctor Who,Description
Offer,Xaud,Charley Pollard/Clara Oswald,Doctor Who,Description
Offer,Guqt,Eighth Doctor/Romana III,Doctor Who,Description
Offer,Pkqy,Twelfth Doctor/The War Doctor,Doctor Who,Description
Offer,Peaa,Adric/Vislor Turlough,Doctor Who,Description
Offer,Pvvl,Ace McShane/Clara Oswin Oswald,Doctor Who,Description
Offer,Ixpz,Amy Pond/Rory Williams,Doctor Who,Description
Offer,Grys,Ben Jackson/Jamie McCrimmon,Doctor Who,Description
Offer,Wair,Seventh Doctor/Twelfth Doctor,Doctor Who,Description
Offer,Mmuj,Sixth Doctor/Peri Brown/Yrcanos,Doctor Who,Description
Offer,Noip,Amy Pond/Rose Tyler,Doctor Who,Description
Offer,Kexu,Charley Pollard/Clara Oswald,Doctor Who,Description
Offer,Uilx,Clara Oswin Oswald/Rose Tyler,Doctor Who,Description
Offer,Iiew,Grace Holloway/Martha Jones/Rory Williams,Doctor Who,Description
Offer,Smzn,Ben Jackson/Jamie McCrimmon,Doctor Who,Description
Offer,Yygu,Vislor Turlough/Bernice Summerfield,Doctor Who,Description
Offer,Vaen,Jack Harkness/Original Jack Harkness,Doctor Who,Description
Offer,Wgmv,Suzie Costello/Toshiko Sato,Doctor Who,Description
Offer,Jsiv,Ace McShane/Clara Oswin Oswald,Doctor Who,Description
Offer,Atse,Tenth Doctor/Reinette,Doctor Who,Description
Offer,Ftrq,Amy Pond/Amy Pond,Doctor Who,Description
Offer,Cuox,Clara Oswin Oswald/Rose Tyler,Doctor Who,Description
Offer,Crkd,Twelfth Doctor/The War Doctor,Doctor Who,Description
Offer,Dtae,Grace Holloway/Martha Jones/Rory Williams,Doctor Who,Description
Offer,Zemp,Tenth Doctor/Jack Harkness/Rose Tyler,Doctor Who,Description
Offer,Eyog,Amy Pond/Rory Williams,Doctor Who,Description
Offer,Ktyl,Charley Pollard/Clara Oswald,Doctor Who,Description
Offer,Otau,Adric/Fifth Doctor,Doctor Who,Description
Offer,Uiut,Eleventh Doctor/The Doctor's TARDIS,Doctor Who,Description
Offer,Bkhs,Alice Carter/Jack Harkness,Doctor Who,Description
Offer,Inqw,Adric/Vislor Turlough,Doctor Who,Description
Offer,Zdtd,Ninth Doctor/Amy Pond/River Song/Rory Williams,Doctor Who,Description
Offer,Onne,Twelfth Doctor/Idris,Doctor Who,Description
Offer,Clhp,Jack Harkness/Reinette,Doctor Who,Description
Offer,Qbkj,Ian Chesterton/Clara Oswin Oswald,Doctor Who,Description
Offer,Ybkq,Amy Pond/Amy Pond,Doctor Who,Description
Offer,#N/A,Seventh Doctor/Twelfth Doctor,Doctor Who,Description
Offer,Wali,Fifth Doctor/Tegan Jovanka,Doctor Who,Description
Offer,Cfli,Amy Pond/Rory Williams,Doctor Who,Description
Offer,Sbai,Seventh Doctor/Twelfth Doctor,Doctor Who,Description
Offer,Fqcx,Tenth Doctor/Reinette,Doctor Who,Description
Offer,Vgvj,Amy Pond/Amy Pond,Doctor Who,Description
Offer,Umts,Fifth Doctor/Tegan Jovanka,Doctor Who,Description
Offer,Uzrl,Jack Harkness/Original Jack Harkness,Doctor Who,Description
Offer,Fqbd,Barbara Wright/Master (Ainley),Doctor Who,Description
Offer,Qskt,Adelaide Brooke/Wilfred Mott,Doctor Who,Description
Offer,Wgcq,Twelfth Doctor/Jenny (Doctor Who: the Doctor's Daughter),Doctor Who,Description
Offer,Zcxb,Amy Pond/Rory Williams,Doctor Who,Description
Offer,Ikxl,Alice Carter/Jack Harkness,Doctor Who,Description
Offer,Ndza,Ian Chesterton/Barbara Wright,Doctor Who,Description
Offer,Agay,Tenth Doctor/Reinette,Doctor Who,Description
Offer,Ogal,Amy Pond/Rory Williams,Doctor Who,Description
Offer,Bukw,Amy Pond/Rory Williams,Doctor Who,Description
Offer,Asko,Jack Harkness/Ianto Jones/Rose Tyler,Doctor Who,Description
Offer,Zlnf,Tenth Doctor/Jack Harkness/Rose Tyler,Doctor Who,Description
Offer,Wgzk,Amy Pond/Rose Tyler,Doctor Who,Description
Offer,Tnlf,Amy Pond/Rory Williams,Doctor Who,Description
Offer,Mzyx,Amy Pond/Amy Pond,Doctor Who,Description
Offer,Uvdb,Tenth Doctor/Sarah Jane Smith,Doctor Who,Description
Offer,Jldq,Twelfth Doctor/Idris,Doctor Who,Description
Offer,Geel,Adric/Vislor Turlough,Doctor Who,Description
Offer,Hwvq,Amy Pond/Rory Williams,Doctor Who,Description
Offer,Qehw,Tegan Jovanka/Nyssa of Traken,Doctor Who,Description
Offer,Lbly,Twelfth Doctor/The War Doctor,Doctor Who,Description
Offer,Vzci,Clara Oswin Oswald/Rose Tyler,Doctor Who,Description
Offer,Ukax,Clara Oswin Oswald/Rose Tyler,Doctor Who,Description
Offer,Fsbi,Clara Oswin Oswald/Rose Tyler,Doctor Who,Description
Offer,Koxh,Twelfth Doctor/Mels Zucker,Doctor Who,Description
Offer,Eocj,Master (Simm)/River Song,Doctor Who,Description
Offer,Dxdd,Amy Pond/Rory Williams,Doctor Who,Description
Offer,Vljx,Third Doctor/Sarah Jane Smith,Doctor Who,Description
Offer,Jdvr,Twelfth Doctor/The War Doctor,Doctor Who,Description
Offer,Obml,Adric/Vislor Turlough,Doctor Who,Description
Offer,Scmh,Twelfth Doctor/Clara Oswin Oswald,Doctor Who,Description
Offer,Ckdx,Tenth Doctor/Reinette,Doctor Who,Description
Offer,Xaud,Barbara Wright/Master (Ainley),Doctor Who,Description
Offer,Pkqy,Tegan Jovanka/Nyssa of Traken,Doctor Who,Description
Offer,Ixpz,Twelfth Doctor/Idris,Doctor Who,Description
Offer,Grys,Sixth Doctor/Peri Brown/Yrcanos,Doctor Who,Description
Offer,Wair,Twelfth Doctor/Jack Harkness,Doctor Who,Description
Offer,Kexu,Eighth Doctor/The Doctor's TARDIS,Doctor Who,Description
Offer,Uilx,Ace McShane/Clara Oswin Oswald,Doctor Who,Description
Offer,Atse,Ben Jackson/Jamie McCrimmon,Doctor Who,Description
Offer,Eyog,Ian Chesterton/Clara Oswin Oswald,Doctor Who,Description
Offer,Ktyl,Eighth Doctor/Charley Pollard,Doctor Who,Description
Offer,Otau,Ian Chesterton/Clara Oswin Oswald,Doctor Who,Description
Offer,Bkhs,Amy Pond/Rose Tyler,Doctor Who,Description
Offer,Inqw,Ace McShane/Clara Oswin Oswald,Doctor Who,Description
Offer,Zdtd,Jenny Flint/River Song/Madame Vastra,Doctor Who,Description
Offer,Qbkj,Fifth Doctor/Nyssa of Traken,Doctor Who,Description
Offer,Ybkq,Eighth Doctor/Donna Noble,Doctor Who,Description
Offer,#N/A,Twelfth Doctor/Clara Oswin Oswald/Danny Pink,Doctor Who,Description
Offer,Sbai,Clara Oswin Oswald/Amy Pond,Doctor Who,Description
Offer,Umts,Twelfth Doctor/Clara Oswin Oswald/River Song,Doctor Who,Description
Offer,Uzrl,Jethro Cane/Tenth Doctor,Doctor Who,Description
Offer,Fqbd,Amy Pond/Amy Pond,Doctor Who,Description
Offer,Zcxb,Eleventh Doctor/Alistair Gordon Lethbridge-Stewart/Kate Lethbridge-Stewart,Doctor Who,Description
Offer,Ndza,Ninth Doctor/Charley Pollard,Doctor Who,Description
Offer,Ogal,Sixth Doctor/Peri Brown/Yrcanos,Doctor Who,Description
Offer,Asko,Jenny Flint/Strax/Madame Vastra,Doctor Who,Description
Offer,Zlnf,Tenth Doctor/Jack Harkness,Doctor Who,Description
Offer,Mzyx,Charley Pollard/Donna Noble,Doctor Who,Description
Offer,Jldq,Fifth Doctor/Tegan Jovanka,Doctor Who,Description
Offer,Geel,Tenth Doctor/Rose Tyler,Doctor Who,Description
Offer,Qehw,Sixth Doctor/Peri Brown/Yrcanos,Doctor Who,Description
Offer,Lbly,Twelfth Doctor/Idris,Doctor Who,Description
Offer,Vzci,Fifth Doctor/Tegan Jovanka,Doctor Who,Description
Offer,Fsbi,Clara Oswin Oswald/Amy Pond,Doctor Who,Description
Offer,Koxh,Fifth Doctor/Rose Tyler,Doctor Who,Description
Offer,Eocj,Ninth Doctor/Martha Jones,Doctor Who,Description
Offer,Dxdd,Jack Harkness/River Song,Doctor Who,Description
Offer,Vljx,Fifth Doctor/Tegan Jovanka,Doctor Who,Description
Offer,Obml,Tenth Doctor/Jack Harkness/Rose Tyler,Doctor Who,Description
Offer,Scmh,Twelfth Doctor/Donna Noble,Doctor Who,Description
Offer,Ckdx,Ian Chesterton/Clara Oswin Oswald,Doctor Who,Description
Offer,Xaud,Ben Jackson/Polly Wright,Doctor Who,Description
Offer,Pkqy,Tenth Doctor/Eleventh Doctor/Twelfth Doctor,Doctor Who,Description
Offer,Ixpz,Twelfth Doctor/Rose Tyler,Doctor Who,Description
Offer,Wair,Jack Harkness/Original Jack Harkness/Ianto Jones,Doctor Who,Description
Offer,Kexu,Eighth Doctor/Charley Pollard,Doctor Who,Description
Offer,Uilx,Twelfth Doctor/Jack Harkness,Doctor Who,Description
Offer,Atse,Twelfth Doctor/Idris,Doctor Who,Description
Offer,Eyog,First Doctor/River Song,Doctor Who,Description
Offer,Bkhs,Amy Pond/Amy Pond,Doctor Who,Description
Offer,Inqw,Twelfth Doctor/Mels Zucker,Doctor Who,Description
Offer,Zdtd,Jack Harkness/Original Jack Harkness,Doctor Who,Description
Offer,Ybkq,Fifth Doctor/Rose Tyler,Doctor Who,Description
Offer,#N/A,Twelfth Doctor/River Song,Doctor Who,Description
Offer,Uzrl,Jack Harkness/Reinette,Doctor Who,Description
Offer,Fqbd,Fifth Doctor/Tegan Jovanka/Nyssa of Traken,Doctor Who,Description
Offer,Ndza,Mickey Smith/Rose Tyler,Doctor Who,Description
Offer,Ogal,Twelfth Doctor/Rose Tyler,Doctor Who,Description
Offer,Asko,Martha Jones/Sarah Jane Smith,Doctor Who,Description
Offer,Zlnf,Charley Pollard/Donna Noble,Doctor Who,Description
Offer,Mzyx,Fifth Doctor/The Master (Ainley),Doctor Who,Description
Offer,Jldq,The War Doctor/River Song,Doctor Who,Description
Offer,Geel,Jack Harkness/Original Jack Harkness/Ianto Jones,Doctor Who,Description
Offer,Qehw,Eleventh Doctor/Amy Pond/River Song/Rory Williams,Doctor Who,Description
Offer,Lbly,Fifth Doctor/Tegan Jovanka/Nyssa of Traken/Vislor Turlough,Doctor Who,Description
Offer,Vzci,Eleventh Doctor/Jack Harkness/River Song,Doctor Who,Description
Offer,Fsbi,Twelfth Doctor/Jenny (Doctor Who: the Doctor's Daughter),Doctor Who,Description
Offer,Koxh,Twelfth Doctor/The War Doctor,Doctor Who,Description
Offer,Eocj,Ninth Doctor/Nyssa of Traken,Doctor Who,Description
Offer,Dxdd,Sixth Doctor/Peri Brown/Yrcanos,Doctor Who,Description
Offer,Vljx,Tenth Doctor/The Doctor's TARDIS,Doctor Who,Description
Offer,Obml,Ace McShane/Clara Oswin Oswald,Doctor Who,Description
Offer,Scmh,Twelfth Doctor/Jenny (Doctor Who: the Doctor's Daughter),Doctor Who,Description
Offer,Ckdx,Ace McShane/Clara Oswin Oswald,Doctor Who,Description
Offer,Xaud,Eleventh Doctor/Eleventh Doctor (Ganger)/Jack Harkness,Doctor Who,Description
Offer,Ixpz,Adric/Vislor Turlough,Doctor Who,Description
Offer,Wair,Eleventh Doctor/Clara Oswin Oswald,Doctor Who,Description
Offer,Pkqy,Fifth Doctor/Tegan Jovanka,Doctor Who,Description
Offer,Peaa,Bernice Summerfield/Jack Harkness,Doctor Who,Description
Offer,Ixpz,Tenth Doctor/The Doctor's TARDIS,Doctor Who,Description
Offer,Grys,Twelfth Doctor/Jack Harkness,Doctor Who,Description
Offer,Wair,Twelfth Doctor/Susan Foreman,Doctor Who,Description
Offer,Kexu,Eighth Doctor/Grace Holloway/The Master (Roberts),Doctor Who,Description
Offer,Uilx,Adric/Fifth Doctor,Doctor Who,Description
Offer,Inqw,Amy Pond/Rory Williams,Doctor Who,Description
Offer,Zdtd,Jack Harkness/John Hart,Doctor Who,Description
Offer,Ybkq,First Doctor/Barbara Wright/Ian Chesterton,Doctor Who,Description
Offer,#N/A,Twelfth Doctor/Jack Harkness/River Song,Doctor Who,Description
Offer,Uzrl,Ninth Doctor/Sarah Jane Smith,Doctor Who,Description
Offer,Fqbd,Colonel Mace/Captain Marian Price,Doctor Who,Description
Offer,Asko,Ian Chesterton/Barbara Wright,Doctor Who,Description
Offer,Zlnf,Seventh Doctor/Twelfth Doctor,Doctor Who,Description
Offer,Mzyx,Bernice Summerfield/Jack Harkness,Doctor Who,Description
Offer,Qehw,Adelaide Brooke/Wilfred Mott,Doctor Who,Description
Offer,Lbly,Tenth Doctor/Jack Harkness/Rose Tyler,Doctor Who,Description
Offer,Vzci,Eleventh Doctor/The Doctor's TARDIS,Doctor Who,Description
Offer,Fsbi,Adric/Vislor Turlough,Doctor Who,Description
Offer,Koxh,Fifth Doctor/Tegan Jovanka/Nyssa of Traken/Vislor Turlough,Doctor Who,Description
Offer,Eocj,Martha Jones/Sarah Jane Smith,Doctor Who,Description
Offer,Dxdd,Eighth Doctor/Fitz Kreiner,Doctor Who,Description
Offer,Vljx,Seventh Doctor/Twelfth Doctor,Doctor Who,Description
Offer,Obml,Twelfth Doctor/Susan Foreman,Doctor Who,Description
Offer,Scmh,Twelfth Doctor/Susan Foreman,Doctor Who,Description
Offer,Ckdx,Twelfth Doctor/Jo Grant,Doctor Who,Description
Offer,Xaud,First Doctor/Twelfth Doctor,Doctor Who,Description
Offer,Ixpz,Twelfth Doctor/The War Doctor,Doctor Who,Description
Offer,Zdtd,Ninth Doctor/Nyssa of Traken,Doctor Who,Description
Offer,#N/A,Algy (DW 2005)/Jack Harkness,Doctor Who,Description
Offer,Uzrl,Ninth Doctor/Susan Foreman,Doctor Who,Description
Offer,Fqbd,Fourth Doctor/Harry Sullivan,Doctor Who,Description
Offer,Mzyx,Eighth Doctor/Martha Jones,Doctor Who,Description
Offer,Lbly,Eleventh Doctor/Jack Harkness/River Song,Doctor Who,Description
Offer,Fsbi,Suzie Costello/Jack Harkness,Doctor Who,Description
Offer,Koxh,Eighth Doctor/Grace Holloway,Doctor Who,Description
Offer,Eocj,Jenny Flint/Strax/Madame Vastra,Doctor Who,Description
Offer,Dxdd,Eighth Doctor/Martha Jones,Doctor Who,Description
Offer,Vljx,Jenny (Doctor Who: The Doctor's Daughter)/River Song,Doctor Who,Description
Offer,Obml,Vislor Turlough/Bernice Summerfield,Doctor Who,Description
Offer,Scmh,Seventh Doctor/Twelfth Doctor,Doctor Who,Description
Offer,Ckdx,Third Doctor/Jo Grant,Doctor Who,Description
Offer,Pkqy,Vislor Turlough/Bernice Summerfield,Doctor Who,Description
Offer,Peaa,Seventh Doctor/Twelfth Doctor,Doctor Who,Description
Offer,Ixpz,Tegan Jovanka/Nyssa of Traken,Doctor Who,Description
Offer,Grys,Tenth Doctor/Jack Harkness/Rose Tyler,Doctor Who,Description
Offer,Wair,Twelfth Doctor/Jenny (Doctor Who: the Doctor's Daughter),Doctor Who,Description
Offer,Mmuj,Fifth Doctor/Tegan Jovanka,Doctor Who,Description
Offer,Noip,Eighth Doctor/Grace Holloway/The Master (Roberts),Doctor Who,Description
Offer,Kexu,Amy Pond/Rose Tyler,Doctor Who,Description
Offer,Uilx,Twelfth Doctor/The War Doctor,Doctor Who,Description
Offer,Iiew,Jenny (Doctor Who: The Doctor's Daughter)/The Master (Simm),Doctor Who,Description
Offer,Smzn,Barbara Wright/Master (Ainley),Doctor Who,Description
Offer,Yygu,Twelfth Doctor/Jenny (Doctor Who: the Doctor's Daughter),Doctor Who,Description
Offer,Vaen,Gwen Cooper/Jack Harkness/Ianto Jones,Doctor Who,Description
Offer,Wgmv,Sixth Doctor/Peri Brown/Yrcanos,Doctor Who,Description
Offer,Jsiv,Ian Chesterton/Clara Oswin Oswald,Doctor Who,Description
Offer,Atse,Tenth Doctor/Jack Harkness/Rose Tyler,Doctor Who,Description
Offer,Ftrq,Amy Pond/Rose Tyler,Doctor Who,Description
Offer,Cuox,Tegan Jovanka/Nyssa of Traken,Doctor Who,Description
Offer,Crkd,Amy Pond/Rory Williams,Doctor Who,Description
Offer,Zemp,Twelfth Doctor/Idris,Doctor Who,Description
Offer,Eyog,Twelfth Doctor/Idris,Doctor Who,Description
Offer,Ktyl,Barbara Wright/Master (Ainley),Doctor Who,Description
Offer,Otau,Eighth Doctor/Romana III,Doctor Who,Description
Offer,Uiut,Alice Carter/Jack Harkness,Doctor Who,Description
Offer,Bkhs,Ben Jackson/Polly Wright,Doctor Who,Description
Offer,Inqw,Clara Oswin Oswald/Rose Tyler,Doctor Who,Description
Offer,Zdtd,Original Jack Harkness/Ianto Jones,Doctor Who,Description
Offer,Onne,Ninth Doctor/Jack Harkness/Rose Tyler,Doctor Who,Description
Offer,Qbkj,Ace McShane/Clara Oswin Oswald,Doctor Who,Description
Offer,Ybkq,Charley Pollard/Clara Oswald,Doctor Who,Description
Offer,#N/A,Suzie Costello/Jack Harkness,Doctor Who,Description
Offer,Wali,Amy Pond/River Song,Doctor Who,Description
Offer,Cfli,Tenth Doctor/Reinette,Doctor Who,Description
Offer,Sbai,Tenth Doctor/Sarah Jane Smith,Doctor Who,Description
Offer,Fqcx,Twelfth Doctor/The War Doctor,Doctor Who,Description
Offer,Umts,Vislor Turlough/Bernice Summerfield,Doctor Who,Description
Offer,Uzrl,Jenny Flint/Strax/Madame Vastra,Doctor Who,Description
Offer,Fqbd,Alice Carter/Jack Harkness,Doctor Who,Description
Offer,Qskt,Barbara Wright/Master (Ainley),Doctor Who,Description
Offer,Wgcq,Tegan Jovanka/Nyssa of Traken,Doctor Who,Description
Offer,Zcxb,Eleventh Doctor/Jack Harkness/River Song,Doctor Who,Description
Offer,Ikxl,Amy Pond/Amy Pond,Doctor Who,Description
Offer,Ndza,Fourth Doctor/Sarah Jane Smith,Doctor Who,Description
Offer,Agay,Clara Oswin Oswald/Amy Pond,Doctor Who,Description
Offer,Ogal,Clara Oswin Oswald/Rose Tyler,Doctor Who,Description
Offer,Bukw,Vislor Turlough/Bernice Summerfield,Doctor Who,Description
Offer,Asko,Owen Harper/Ianto Jones,Doctor Who,Description
Offer,Zlnf,Charley Pollard/Clara Oswald,Doctor Who,Description
Offer,Wgzk,Amy Pond/Amy Pond,Doctor Who,Description
Offer,Mzyx,Barbara Wright/Master (Ainley),Doctor Who,Description
Offer,Uvdb,Eleventh Doctor/Amy Pond/River Song/Rory Williams,Doctor Who,Description
Offer,Jldq,Amy Pond/Rory Williams,Doctor Who,Description
Offer,Geel,Ian Chesterton/Clara Oswin Oswald,Doctor Who,Description
Offer,Hwvq,Tegan Jovanka/Nyssa of Traken,Doctor Who,Description
Offer,Qehw,Suzie Costello/Jack Harkness,Doctor Who,Description
Offer,Lbly,Tegan Jovanka/Nyssa of Traken,Doctor Who,Description
Offer,Vzci,Twelfth Doctor/Idris,Doctor Who,Description
Offer,Ukax,Tegan Jovanka/Nyssa of Traken,Doctor Who,Description
Offer,Fsbi,Twelfth Doctor/The War Doctor,Doctor Who,Description
Offer,Koxh,Twelfth Doctor/Jo Grant,Doctor Who,Description
Offer,Eocj,Owen Harper/Martha Jones,Doctor Who,Description
Offer,Dxdd,Clara Oswin Oswald/Rose Tyler,Doctor Who,Description
Offer,Vljx,Amy Pond/River Song,Doctor Who,Description
Offer,Jdvr,Twelfth Doctor/Alistair Gordon Lethbridge-Stewart,Doctor Who,Description
Offer,Obml,Twelfth Doctor/The War Doctor,Doctor Who,Description
Offer,Scmh,Martha Jones/Thomas Milligan/Mickey Smith,Doctor Who,Description
Offer,Ckdx,Adric/Vislor Turlough,Doctor Who,Description
Offer,Xaud,Amy Pond/Amy Pond/Rory Williams,Doctor Who,Description
Offer,Guqt,Tenth Doctor/Sarah Jane Smith,Doctor Who,Description
Offer,Mmuj,Amy Pond/Amy Pond,Doctor Who,Description
Offer,Noip,Fourth Doctor/Harry Sullivan/Sarah Jane Smith,Doctor Who,Description
Offer,Kexu,Barbara Wright/Master (Ainley),Doctor Who,Description
Offer,Uilx,Twelfth Doctor/Jenny (Doctor Who: the Doctor's Daughter),Doctor Who,Description
Offer,Smzn,Eighth Doctor/Charley Pollard,Doctor Who,Description
Offer,Wgmv,Tenth Doctor/The Master (Simm),Doctor Who,Description
Offer,Jsiv,Twelfth Doctor/Jo Grant,Doctor Who,Description
Offer,Atse,Eighth Doctor/Grace Holloway/The Master (Roberts),Doctor Who,Description
Offer,Ftrq,Ben Jackson/Jamie McCrimmon,Doctor Who,Description
Offer,Cuox,Fifth Doctor/Vislor Turlough,Doctor Who,Description
Offer,Crkd,Twelfth Doctor/Jo Grant,Doctor Who,Description
Offer,Zemp,Sixth Doctor/Peri Brown/Yrcanos,Doctor Who,Description
Offer,Eyog,Seventh Doctor/Sarah Jane Smith,Doctor Who,Description
Offer,Ktyl,Alice Carter/Jack Harkness,Doctor Who,Description
Offer,Otau,Seventh Doctor/Twelfth Doctor,Doctor Who,Description
Offer,Bkhs,Barbara Wright/Master (Ainley),Doctor Who,Description
Offer,Inqw,Tegan Jovanka/Nyssa of Traken,Doctor Who,Description
Offer,Zdtd,Gwen Cooper/Jack Harkness/Ianto Jones,Doctor Who,Description
Offer,Onne,Twelfth Doctor/Susan Foreman,Doctor Who,Description
Offer,Qbkj,Twelfth Doctor/Jenny (Doctor Who: the Doctor's Daughter),Doctor Who,Description
Offer,Ybkq,Eighth Doctor/Martha Jones,Doctor Who,Description
Offer,#N/A,Twelfth Doctor/Clara Oswin Oswald/River Song,Doctor Who,Description
Offer,Sbai,Twelfth Doctor/Jo Grant,Doctor Who,Description
Offer,Fqcx,Adric/Vislor Turlough,Doctor Who,Description
Offer,Umts,Amy Pond/Rory Williams,Doctor Who,Description
Offer,Uzrl,Jenny (Doctor Who: The Doctor's Daughter)/Susan Foreman/Twelfth Doctor,Doctor Who,Description
Offer,Fqbd,Ben Jackson/Polly Wright,Doctor Who,Description
Offer,Qskt,Alice Carter/Jack Harkness,Doctor Who,Description
Offer,Wgcq,Eleventh Doctor/Clara Oswin Oswald,Doctor Who,Description
Offer,Zcxb,Tenth Doctor/Eleventh Doctor/Twelfth Doctor,Doctor Who,Description
Offer,Ndza,Peri Brown/Erimem,Doctor Who,Description
Offer,Agay,Amy Pond/Amy Pond/Rory Williams,Doctor Who,Description
Offer,Ogal,Twelfth Doctor/The War Doctor,Doctor Who,Description
Offer,Bukw,Twelfth Doctor/Idris,Doctor Who,Description
Offer,Asko,Jenny (Doctor Who: The Doctor's Daughter)/Jack Harkness,Doctor Who,Description
Offer,Zlnf,Canton Everett Delaware III/Original Character(s),Doctor Who,Description
Offer,Wgzk,Eighth Doctor/Grace Holloway,Doctor Who,Description
Offer,Mzyx,Amy Pond/Rose Tyler,Doctor Who,Description
Offer,Uvdb,Tenth Doctor/The Doctor's TARDIS,Doctor Who,Description
Offer,Jldq,First Doctor/River Song,Doctor Who,Description
Offer,Geel,Ace McShane/Clara Oswin Oswald,Doctor Who,Description
Offer,Hwvq,Twelfth Doctor/Jack Harkness/River Song,Doctor Who,Description
Offer,Qehw,Tenth Doctor/Eleventh Doctor/Twelfth Doctor,Doctor Who,Description
Offer,Lbly,Vislor Turlough/Bernice Summerfield,Doctor Who,Description
Offer,Vzci,Sixth Doctor/Peri Brown/Yrcanos,Doctor Who,Description
Offer,Ukax,Fifth Doctor/Tegan Jovanka,Doctor Who,Description
Offer,Fsbi,Amy Pond/Amy Pond/Rory Williams,Doctor Who,Description
Offer,Koxh,Eighth Doctor/Romana III,Doctor Who,Description
Offer,Eocj,Peri Brown/Sixth Doctor,Doctor Who,Description
Offer,Dxdd,Tenth Doctor/Jenny (Doctor Who: The Doctor's Daughter)/Donna Noble,Doctor Who,Description
Offer,Vljx,Twelfth Doctor/Jo Grant,Doctor Who,Description
Offer,Jdvr,Amy Pond/Rory Williams,Doctor Who,Description
Offer,Obml,Tegan Jovanka/Nyssa of Traken,Doctor Who,Description
Offer,Scmh,Adelaide Brooke/Wilfred Mott,Doctor Who,Description
Offer,Ckdx,Amy Pond/Rory Williams,Doctor Who,Description
Offer,Xaud,Canton Everett Delaware III/Original Character(s),Doctor Who,Description
Offer,Pkqy,Ben Jackson/Polly Wright,Doctor Who,Description
Offer,Ixpz,Clara Oswin Oswald/Rose Tyler,Doctor Who,Description
Offer,Grys,Twelfth Doctor/Idris,Doctor Who,Description
Offer,Wair,Ben Jackson/Jamie McCrimmon,Doctor Who,Description
Offer,Mmuj,Vislor Turlough/Bernice Summerfield,Doctor Who,Description
Offer,Kexu,Alice Carter/Jack Harkness,Doctor Who,Description
Offer,Uilx,Fifth Doctor/Tegan Jovanka,Doctor Who,Description
Offer,Smzn,Amy Pond/Amy Pond,Doctor Who,Description
Offer,Wgmv,Ace McShane/Clara Oswin Oswald,Doctor Who,Description
Offer,Atse,Eighth Doctor/Donna Noble,Doctor Who,Description
Offer,Ftrq,Eighth Doctor/Donna Noble,Doctor Who,Description
Offer,Crkd,Clara Oswin Oswald/Rose Tyler,Doctor Who,Description
Offer,Eyog,Sixth Doctor/Peri Brown/Yrcanos,Doctor Who,Description
Offer,Ktyl,Ben Jackson/Polly Wright,Doctor Who,Description
Offer,Otau,Eleventh Doctor/Clara Oswin Oswald,Doctor Who,Description
Offer,Bkhs,Adelaide Brooke/Wilfred Mott,Doctor Who,Description
Offer,Inqw,Twelfth Doctor/The War Doctor,Doctor Who,Description
Offer,Zdtd,Grace Holloway/Martha Jones/Rory Williams,Doctor Who,Description
Offer,Qbkj,Tenth Doctor/Eleventh Doctor/Twelfth Doctor,Doctor Who,Description
Offer,Ybkq,Charley Pollard/Donna Noble,Doctor Who,Description
Offer,#N/A,Twelfth Doctor/Alistair Gordon Lethbridge-Stewart,Doctor Who,Description
Offer,Sbai,Eighth Doctor/Romana III,Doctor Who,Description
Offer,Umts,Alice Carter/Jack Harkness,Doctor Who,Description
Offer,Uzrl,Queen Nefertiti/John Riddell,Doctor Who,Description
Offer,Fqbd,Eighth Doctor/Grace Holloway,Doctor Who,Description
Offer,Zcxb,Fifth Doctor/Tegan Jovanka/Nyssa of Traken/Vislor Turlough,Doctor Who,Description
Offer,Ndza,Martha Jones/Sarah Jane Smith,Doctor Who,Description
Offer,Agay,Tegan Jovanka/Nyssa of Traken,Doctor Who,Description
Offer,Ogal,Twelfth Doctor/Idris,Doctor Who,Description
Offer,Asko,Jenny (Doctor Who: The Doctor's Daughter)/The Master (Simm),Doctor Who,Description
Offer,Zlnf,Second Doctor/Zoe Heriot/Jamie McCrimmon,Doctor Who,Description
Offer,Mzyx,Amy Pond/Amy Pond/Rory Williams,Doctor Who,Description
Offer,Jldq,Twelfth Doctor/The Doctor's TARDIS,Doctor Who,Description
Offer,Geel,Tenth Doctor/Reinette,Doctor Who,Description
Offer,Qehw,Ace McShane/Clara Oswin Oswald,Doctor Who,Description
Offer,Lbly,Amy Pond/Rory Williams,Doctor Who,Description
Offer,Vzci,First Doctor/River Song,Doctor Who,Description
Offer,Ukax,Amy Pond/Rose Tyler,Doctor Who,Description
Offer,Fsbi,Fifth Doctor/Tegan Jovanka/Nyssa of Traken/Vislor Turlough,Doctor Who,Description
Offer,Koxh,Fifth Doctor/Tegan Jovanka/Nyssa of Traken,Doctor Who,Description
Offer,Eocj,Rani Chandra/Maria Jackson,Doctor Who,Description
Offer,Dxdd,Twelfth Doctor/Jack Harkness/River Song,Doctor Who,Description
Offer,Vljx,Tegan Jovanka/Nyssa of Traken,Doctor Who,Description
Offer,Jdvr,Eleventh Doctor/Jack Harkness/River Song,Doctor Who,Description
Offer,Obml,Twelfth Doctor/Jo Grant,Doctor Who,Description
Offer,Scmh,Amy Pond/Amy Pond/Rory Williams,Doctor Who,Description
Offer,Ckdx,Twelfth Doctor/Jack Harkness/River Song,Doctor Who,Description
Offer,Xaud,Alice Carter/Jack Harkness,Doctor Who,Description
Offer,Oiab,Adric/Vislor Turlough,Doctor Who,Description
Offer,Inqw,Fifth Doctor/Tegan Jovanka,Doctor Who,Description
Offer,Clhp,Alice Carter/Jack Harkness,Doctor Who,Description
Offer,Noip,Tenth Doctor/Eleventh Doctor/Twelfth Doctor,Doctor Who,Description
Offer,Oiab,Amy Pond/Rory Williams,Doctor Who,Description
Offer,Dtae,Clara Oswin Oswald/Amy Pond,Doctor Who,Description
Offer,Ktyl,Jack Harkness/Ianto Jones/Rose Tyler,Doctor Who,Description
Offer,Inqw,Adric/Vislor Turlough,Doctor Who,Description
Offer,Clhp,Tenth Doctor/Jenny (Doctor Who: The Doctor's Daughter)/Donna Noble,Doctor Who,Description
Offer,Bxhb,Suzie Costello/Toshiko Sato,Doctor Who,Description
Offer,Fqcx,Fourth Doctor/Sarah Jane Smith,Doctor Who,Description
Offer,Vgvj,Tenth Doctor/Reinette,Doctor Who,Description
Offer,Asko,Fifth Doctor/Tegan Jovanka/Nyssa of Traken/Vislor Turlough,Doctor Who,Description
Offer,Hinf,Adelaide Brooke/Wilfred Mott,Doctor Who,Description
Offer,Jldq,Twelfth Doctor/Idris,Doctor Who,Description
Offer,Lbly,Jenny Flint/Strax/Madame Vastra,Doctor Who,Description
Offer,Vzci,Jenny (Doctor Who: The Doctor's Daughter)/The Master (Simm),Doctor Who,Description
Offer,Jdvr,Amy Pond/Rose Tyler,Doctor Who,Description
Offer,Oiab,Clara Oswin Oswald/Rose Tyler,Doctor Who,Description
Offer,Dtae,Tenth Doctor/Jack Harkness,Doctor Who,Description
Offer,Inqw,Clara Oswin Oswald/Rose Tyler,Doctor Who,Description
Offer,Clhp,Twelfth Doctor/Jenny (Doctor Who: the Doctor's Daughter),Doctor Who,Description
Offer,Bxhb,Sixth Doctor/Peri Brown/Yrcanos,Doctor Who,Description
Offer,Jldq,First Doctor/River Song,Doctor Who,Description
Offer,Lbly,Mickey Smith/Rose Tyler,Doctor Who,Description
Offer,Vzci,Grace Holloway/Martha Jones/Rory Williams,Doctor Who,Description
Offer,Jdvr,Alice Carter/Jack Harkness,Doctor Who,Description
Offer,Oiab,Fifth Doctor/Tegan Jovanka/Nyssa of Traken/Vislor Turlough,Doctor Who,Description
Offer,Dtae,Second Doctor/Zoe Heriot/Jamie McCrimmon,Doctor Who,Description
Offer,Inqw,Tegan Jovanka/Nyssa of Traken,Doctor Who,Description
Offer,Clhp,Suzie Costello/Jack Harkness,Doctor Who,Description
Offer,Jldq,The War Doctor/River Song,Doctor Who,Description
Offer,Lbly,Martha Jones/Donna Noble,Doctor Who,Description
Offer,Vzci,Jenny Flint/Strax/Madame Vastra,Doctor Who,Description
Offer,Jdvr,Ben Jackson/Polly Wright,Doctor Who,Description
Offer,Oiab,Twelfth Doctor/Rose Tyler,Doctor Who,Description
Offer,Dtae,Amy Pond/River Song,Doctor Who,Description
Offer,Inqw,Twelfth Doctor/The War Doctor,Doctor Who,Description
Offer,Clhp,Eighth Doctor/Fitz Kreiner,Doctor Who,Description
Offer,Jldq,Amy Pond/Rory Williams,Doctor Who,Description
Offer,Lbly,River Song/Bernice Summerfield,Doctor Who,Description
Offer,Vzci,Jenny (Doctor Who: The Doctor's Daughter)/Susan Foreman/Twelfth Doctor,Doctor Who,Description
Offer,Jdvr,Barbara Wright/Master (Ainley),Doctor Who,Description
Offer,Oiab,Twelfth Doctor/Jenny (Doctor Who: the Doctor's Daughter),Doctor Who,Description
Offer,Dtae,Third Doctor/Sarah Jane Smith,Doctor Who,Description
Offer,Inqw,Twelfth Doctor/Mels Zucker,Doctor Who,Description
Offer,Clhp,Fifth Doctor/Tegan Jovanka,Doctor Who,Description
Offer,Lbly,Martha Jones/Sarah Jane Smith,Doctor Who,Description
Offer,Oiab,Ace McShane/Clara Oswin Oswald,Doctor Who,Description
Offer,Dtae,Barbara Wright/Master (Ainley),Doctor Who,Description
Offer,Inqw,Ace McShane/Clara Oswin Oswald,Doctor Who,Description
Offer,Clhp,Vislor Turlough/Bernice Summerfield,Doctor Who,Description
Offer,Noip,Twelfth Doctor/Clara Oswin Oswald/River Song,Doctor Who,Description
Offer,Oiab,Seventh Doctor/Twelfth Doctor,Doctor Who,Description
Offer,Smzn,Grace Holloway/Martha Jones/Rory Williams,Doctor Who,Description
Offer,Dtae,Clara Oswin Oswald/Rose Tyler,Doctor Who,Description
Offer,Ktyl,Fourth Doctor/Sarah Jane Smith,Doctor Who,Description
Offer,Inqw,Seventh Doctor/Twelfth Doctor,Doctor Who,Description
Offer,Onne,Adelaide Brooke/Wilfred Mott,Doctor Who,Description
Offer,Clhp,Adric/Vislor Turlough,Doctor Who,Description
Offer,Bxhb,Seventh Doctor/Twelfth Doctor,Doctor Who,Description
Offer,Fqcx,Grace Holloway/Martha Jones/Rory Williams,Doctor Who,Description
Offer,Vgvj,Seventh Doctor/Twelfth Doctor,Doctor Who,Description
Offer,Qskt,Seventh Doctor/Twelfth Doctor,Doctor Who,Description
Offer,Asko,Twelfth Doctor/The Doctor's TARDIS,Doctor Who,Description
Offer,Hinf,Amy Pond/Amy Pond,Doctor Who,Description
Offer,Jldq,Seventh Doctor/Twelfth Doctor,Doctor Who,Description
Offer,Lbly,Grace Holloway/Martha Jones/Rory Williams,Doctor Who,Description
Offer,Vzci,Ninth Doctor/Charley Pollard,Doctor Who,Description
Offer,Jdvr,Adelaide Brooke/Wilfred Mott,Doctor Who,Description
Offer,Oiab,Tenth Doctor/Eleventh Doctor/Twelfth Doctor,Doctor Who,Description
Offer,Inqw,Amy Pond/Rory Williams,Doctor Who,Description
Offer,Clhp,Eighth Doctor/Martha Jones,Doctor Who,Description
Offer,Oiab,Grace Holloway/Martha Jones/Rory Williams,Doctor Who,Description
Offer,Ixpz,Twelfth Doctor/Jo Grant,Doctor Who,Description
Offer,Oiab,Adric/Vislor Turlough,Doctor Who,Description
Offer,Uilx,Adric/Fifth Doctor,Doctor Who,Description
Offer,Lbly,Eleventh Doctor/The Doctor's TARDIS,Doctor Who,Description
Offer,Vzci,Tenth Doctor/The Master (Simm),Doctor Who,Description
Offer,Dxdd,First Doctor/River Song,Doctor Who,Description
Offer,Vljx,Martha Jones/Thomas Milligan/Mickey Smith,Doctor Who,Description
Offer,Scmh,Amy Pond/Amy Pond/Rory Williams,Doctor Who,Description
Offer,Ckdx,Ace McShane/Clara Oswin Oswald,Doctor Who,Description
Offer,Pkqy,Twelfth Doctor/The War Doctor,Doctor Who,Description
Offer,Peaa,Adric/Vislor Turlough,Doctor Who,Description
Offer,Pvvl,Ace McShane/Clara Oswin Oswald,Doctor Who,Description
Offer,Ixpz,Amy Pond/Rory Williams,Doctor Who,Description
Offer,Grys,Ben Jackson/Jamie McCrimmon,Doctor Who,Description
Offer,Wair,Seventh Doctor/Twelfth Doctor,Doctor Who,Description
Offer,Mmuj,Sixth Doctor/Peri Brown/Yrcanos,Doctor Who,Description
Offer,Noip,Jack Harkness/Ianto Jones/Rose Tyler,Doctor Who,Description
Offer,Oiab,Amy Pond/Rory Williams,Doctor Who,Description
Offer,Kexu,Tenth Doctor/Jack Harkness/Rose Tyler,Doctor Who,Description
Offer,Xsjg,Alice Carter/Jack Harkness,Doctor Who,Description
Offer,Uilx,Ben Jackson/Jamie McCrimmon,Doctor Who,Description
Offer,Crkd,Bernice Summerfield/Jack Harkness,Doctor Who,Description
Offer,Dtae,Clara Oswin Oswald/Rose Tyler,Doctor Who,Description
Offer,Eyog,Amy Pond/Rory Williams,Doctor Who,Description
Offer,Guqt,Ben Jackson/Jamie McCrimmon,Doctor Who,Description
Offer,Otau,Adric/Fifth Doctor,Doctor Who,Description
Offer,Onne,Twelfth Doctor/Idris,Doctor Who,Description
Offer,Clhp,Suzie Costello/Jack Harkness,Doctor Who,Description
Offer,Ybkq,River Song/Mels Zucker,Doctor Who,Description
Offer,Bxhb,Jenny Flint/Strax/Madame Vastra,Doctor Who,Description
Offer,Cfli,Amy Pond/Rory Williams,Doctor Who,Description
Offer,Fqcx,Twelfth Doctor/The War Doctor,Doctor Who,Description
Offer,Vgvj,Romana I/Romana II,Doctor Who,Description
Offer,Asko,Fifth Doctor/Tegan Jovanka/Nyssa of Traken/Vislor Turlough,Doctor Who,Description
Offer,Zlnf,Tenth Doctor/Jack Harkness/Rose Tyler,Doctor Who,Description
Offer,Wgzk,Gwen Cooper/Suzie Costello,Doctor Who,Description
Offer,Tnlf,Twelfth Doctor/Jenny (Doctor Who: the Doctor's Daughter),Doctor Who,Description
Offer,Jldq,Ninth Doctor/Nyssa of Traken,Doctor Who,Description
Offer,Geel,Ace McShane/Clara Oswin Oswald,Doctor Who,Description
Offer,Hwvq,Amy Pond/Rory Williams,Doctor Who,Description
Offer,Qehw,Twelfth Doctor/Jack Harkness,Doctor Who,Description
Offer,Lbly,Twelfth Doctor/The War Doctor,Doctor Who,Description
Offer,Vzci,Clara Oswin Oswald/Rose Tyler,Doctor Who,Description
Offer,Koxh,Master (Simm)/River Song,Doctor Who,Description
Offer,Dxdd,Amy Pond/Rory Williams,Doctor Who,Description
Offer,Vljx,Amy Pond/River Song,Doctor Who,Description
Offer,Jdvr,Twelfth Doctor/The War Doctor,Doctor Who,Description
Offer,Scmh,Suzie Costello/Jack Harkness,Doctor Who,Description
Offer,Ckdx,Tenth Doctor/Reinette,Doctor Who,Description
Offer,Pkqy,Vislor Turlough/Bernice Summerfield,Doctor Who,Description
Offer,Peaa,Seventh Doctor/Twelfth Doctor,Doctor Who,Description
Offer,Ixpz,Tegan Jovanka/Nyssa of Traken,Doctor Who,Description
Offer,Grys,Tenth Doctor/Jack Harkness/Rose Tyler,Doctor Who,Description
Offer,Wair,Twelfth Doctor/Jenny (Doctor Who: the Doctor's Daughter),Doctor Who,Description
Offer,Mmuj,Fifth Doctor/Tegan Jovanka,Doctor Who,Description
Offer,Noip,Second Doctor/Jamie McCrimmon,Doctor Who,Description
Offer,Oiab,Clara Oswin Oswald/Rose Tyler,Doctor Who,Description
Offer,Pkqy,Ben Jackson/Polly Wright,Doctor Who,Description
Offer,Ixpz,Clara Oswin Oswald/Rose Tyler,Doctor Who,Description
Offer,Grys,Twelfth Doctor/Idris,Doctor Who,Description
Offer,Wair,Ben Jackson/Jamie McCrimmon,Doctor Who,Description
Offer,Pkqy,Fifth Doctor/Tegan Jovanka,Doctor Who,Description
Offer,Peaa,Bernice Summerfield/Jack Harkness,Doctor Who,Description
Offer,Ixpz,Tenth Doctor/The Doctor's TARDIS,Doctor Who,Description
Offer,Grys,Twelfth Doctor/Jack Harkness,Doctor Who,Description
Offer,Wair,Twelfth Doctor/Susan Foreman,Doctor Who,Description
Offer,Mmuj,Amy Pond/Amy Pond,Doctor Who,Description
Offer,Oiab,Fifth Doctor/Tegan Jovanka/Nyssa of Traken/Vislor Turlough,Doctor Who,Description
Offer,Kexu,Twelfth Doctor/Susan Foreman,Doctor Who,Description
Offer,Uilx,Tegan Jovanka/Nyssa of Traken,Doctor Who,Description
Offer,Crkd,Alice Carter/Jack Harkness,Doctor Who,Description
Offer,Dtae,Second Doctor/Zoe Heriot/Jamie McCrimmon,Doctor Who,Description
Offer,Eyog,Ian Chesterton/Clara Oswin Oswald,Doctor Who,Description
Offer,Guqt,Eighth Doctor/Donna Noble,Doctor Who,Description
Offer,Otau,Seventh Doctor/Twelfth Doctor,Doctor Who,Description
Offer,Onne,Twelfth Doctor/Susan Foreman,Doctor Who,Description
Offer,Clhp,Fifth Doctor/Tegan Jovanka,Doctor Who,Description
Offer,Ybkq,Grace Holloway/Martha Jones/Rory Williams,Doctor Who,Description
Offer,Cfli,Tenth Doctor/Reinette,Doctor Who,Description
Offer,Zlnf,Canton Everett Delaware III/Original Character(s),Doctor Who,Description
Offer,Jldq,Martha Jones/Sarah Jane Smith,Doctor Who,Description
Offer,Geel,Tenth Doctor/Reinette,Doctor Who,Description
Offer,Hwvq,Twelfth Doctor/Jack Harkness/River Song,Doctor Who,Description
Offer,Qehw,Twelfth Doctor/Idris,Doctor Who,Description
Offer,Lbly,Vislor Turlough/Bernice Summerfield,Doctor Who,Description
Offer,Vzci,Tegan Jovanka/Nyssa of Traken,Doctor Who,Description
Offer,Koxh,Jack Harkness/Ianto Jones/Rose Tyler,Doctor Who,Description
Offer,Dxdd,Tenth Doctor/Jenny (Doctor Who: The Doctor's Daughter)/Donna Noble,Doctor Who,Description
Offer,Vljx,Amy Pond/Rory Williams,Doctor Who,Description
Offer,Jdvr,Amy Pond/Rory Williams,Doctor Who,Description
Offer,Scmh,Twelfth Doctor/Donna Noble,Doctor Who,Description
Offer,Ckdx,Twelfth Doctor/Jo Grant,Doctor Who,Description
Offer,Pkqy,Seventh Doctor/Twelfth Doctor,Doctor Who,Description
Offer,Peaa,Ace McShane/Clara Oswin Oswald,Doctor Who,Description
Offer,Pvvl,Seventh Doctor/Twelfth Doctor,Doctor Who,Description
Offer,Ixpz,Seventh Doctor/Twelfth Doctor,Doctor Who,Description
Offer,Grys,Seventh Doctor/Twelfth Doctor,Doctor Who,Description
Offer,Wair,Tenth Doctor/Jack Harkness/Rose Tyler,Doctor Who,Description
Offer,Mmuj,Seventh Doctor/Twelfth Doctor,Doctor Who,Description
Offer,Noip,Seventh Doctor/Ace McShane,Doctor Who,Description
Offer,Oiab,Seventh Doctor/Twelfth Doctor,Doctor Who,Description
Offer,Kexu,Seventh Doctor/Twelfth Doctor,Doctor Who,Description
Offer,Xsjg,Adelaide Brooke/Wilfred Mott,Doctor Who,Description
Offer,Uilx,Twelfth Doctor/The War Doctor,Doctor Who,Description
Offer,Smzn,Seventh Doctor/Twelfth Doctor,Doctor Who,Description
Offer,Wgmv,Alice Carter/Jack Harkness,Doctor Who,Description
Offer,Crkd,Amy Pond/Amy Pond,Doctor Who,Description
Offer,Dtae,Clara Oswin Oswald/Amy Pond,Doctor Who,Description
Offer,Eyog,Seventh Doctor/Twelfth Doctor,Doctor Who,Description
Offer,Guqt,Adelaide Brooke/Wilfred Mott,Doctor Who,Description
Offer,Ktyl,Tenth Doctor/Jack Harkness/Rose Tyler,Doctor Who,Description
Offer,Otau,Tenth Doctor/Sarah Jane Smith,Doctor Who,Description
Offer,Bkhs,Larry Nightingale/Sally Sparrow,Doctor Who,Description
Offer,Inqw,Grace Holloway/Martha Jones/Rory Williams,Doctor Who,Description
Offer,Onne,Seventh Doctor/Twelfth Doctor,Doctor Who,Description
Offer,Clhp,Tenth Doctor/Jenny (Doctor Who: The Doctor's Daughter)/Donna Noble,Doctor Who,Description
Offer,Ybkq,Fourth Doctor/Sarah Jane Smith,Doctor Who,Description
Offer,Bxhb,Grace Holloway/Martha Jones/Rory Williams,Doctor Who,Description
Offer,Cfli,Seventh Doctor/Twelfth Doctor,Doctor Who,Description
Offer,Fqcx,Seventh Doctor/Twelfth Doctor,Doctor Who,Description
Offer,Vgvj,Fourth Doctor/Sarah Jane Smith,Doctor Who,Description
Offer,Qskt,Seventh Doctor/Twelfth Doctor,Doctor Who,Description
Offer,Ikxl,Seventh Doctor/Twelfth Doctor,Doctor Who,Description
Offer,Asko,Twelfth Doctor/The Doctor's TARDIS,Doctor Who,Description
Offer,Zlnf,Clara Oswin Oswald/Rose Tyler,Doctor Who,Description
Offer,Wgzk,Larry Nightingale/Sally Sparrow,Doctor Who,Description
Offer,Tnlf,Seventh Doctor/Twelfth Doctor,Doctor Who,Description
Offer,Hinf,Seventh Doctor/Twelfth Doctor,Doctor Who,Description
Offer,Uvdb,Adelaide Brooke/Wilfred Mott,Doctor Who,Description
Offer,Jldq,Jack Harkness/John Hart,Doctor Who,Description
Offer,Geel,Ian Chesterton/Clara Oswin Oswald,Doctor Who,Description
Offer,Hwvq,Seventh Doctor/Twelfth Doctor,Doctor Who,Description
Offer,Qehw,Twelfth Doctor/Susan Foreman,Doctor Who,Description
Offer,Lbly,Tenth Doctor/Reinette,Doctor Who,Description
Offer,Vzci,Seventh Doctor/Twelfth Doctor,Doctor Who,Description
Offer,Koxh,Fourth Doctor/Sarah Jane Smith,Doctor Who,Description
Offer,Dxdd,Seventh Doctor/Twelfth Doctor,Doctor Who,Description
Offer,Vljx,Twelfth Doctor/Jo Grant,Doctor Who,Description
Offer,Jdvr,Seventh Doctor/Twelfth Doctor,Doctor Who,Description
Offer,Scmh,Twelfth Doctor/Jack Harkness/River Song,Doctor Who,Description
Offer,Ckdx,Seventh Doctor/Twelfth Doctor,Doctor Who,Description
Offer,Kexu,Twelfth Doctor/The War Doctor,Doctor Who,Description
Offer,Uilx,Tenth Doctor/Jack Harkness/Rose Tyler,Doctor Who,Description
Offer,Crkd,Adelaide Brooke/Wilfred Mott,Doctor Who,Description
Offer,Dtae,Tenth Doctor/Jack Harkness,Doctor Who,Description
Offer,Eyog,Twelfth Doctor/Idris,Doctor Who,Description
Offer,Guqt,Eighth Doctor/Charley Pollard,Doctor Who,Description
Offer,Otau,Eighth Doctor/Romana III,Doctor Who,Description
Offer,Onne,Ninth Doctor/Jack Harkness/Rose Tyler,Doctor Who,Description
Offer,Clhp,Twelfth Doctor/Jenny (Doctor Who: the Doctor's Daughter),Doctor Who,Description
Offer,Ybkq,Jenny Flint/River Song/Madame Vastra,Doctor Who,Description
Offer,Cfli,Tegan Jovanka/Nyssa of Traken,Doctor Who,Description
Offer,Vgvj,Grace Holloway/Martha Jones/Rory Williams,Doctor Who,Description
Offer,Zlnf,Charley Pollard/Clara Oswald,Doctor Who,Description
Offer,Tnlf,Amy Pond/Rory Williams,Doctor Who,Description
Offer,Jldq,Grace Holloway/Martha Jones/Rory Williams,Doctor Who,Description
Offer,Geel,Twelfth Doctor/Jo Grant,Doctor Who,Description
Offer,Hwvq,Tegan Jovanka/Nyssa of Traken,Doctor Who,Description
Offer,Qehw,Eighth Doctor/Donna Noble,Doctor Who,Description
Offer,Lbly,Tegan Jovanka/Nyssa of Traken,Doctor Who,Description
Offer,Vzci,Twelfth Doctor/Jack Harkness/River Song,Doctor Who,Description
Offer,Koxh,River Song/Mels Zucker,Doctor Who,Description
Offer,Dxdd,Clara Oswin Oswald/Rose Tyler,Doctor Who,Description
Offer,Vljx,Eleventh Doctor/Jack Harkness,Doctor Who,Description
Offer,Jdvr,Twelfth Doctor/Alistair Gordon Lethbridge-Stewart,Doctor Who,Description
Offer,Scmh,Tenth Doctor/Jenny (Doctor Who: The Doctor's Daughter)/Donna Noble,Doctor Who,Description
Offer,Ckdx,Adric/Vislor Turlough,Doctor Who,Description
Offer,Mmuj,Vislor Turlough/Bernice Summerfield,Doctor Who,Description
Offer,Oiab,Twelfth Doctor/Rose Tyler,Doctor Who,Description
Offer,Kexu,Vislor Turlough/Bernice Summerfield,Doctor Who,Description
Offer,Uilx,Twelfth Doctor/Jack Harkness,Doctor Who,Description
Offer,Crkd,Clyde Langer/Luke Smith,Doctor Who,Description
Offer,Dtae,Amy Pond/River Song,Doctor Who,Description
Offer,Eyog,First Doctor/River Song,Doctor Who,Description
Offer,Otau,Eleventh Doctor/Clara Oswin Oswald,Doctor Who,Description
Offer,Clhp,Eighth Doctor/Fitz Kreiner,Doctor Who,Description
Offer,Zlnf,Second Doctor/Zoe Heriot/Jamie McCrimmon,Doctor Who,Description
Offer,Jldq,Fourth Doctor/Sarah Jane Smith,Doctor Who,Description
Offer,Geel,Tenth Doctor/Rose Tyler,Doctor Who,Description
Offer,Qehw,Eighth Doctor/Grace Holloway/The Master (Roberts),Doctor Who,Description
Offer,Lbly,Amy Pond/Rory Williams,Doctor Who,Description
Offer,Vzci,Vislor Turlough/Bernice Summerfield,Doctor Who,Description
Offer,Koxh,Ian Chesterton/Barbara Wright,Doctor Who,Description
Offer,Dxdd,Twelfth Doctor/Jack Harkness/River Song,Doctor Who,Description
Offer,Vljx,Seventh Doctor/Twelfth Doctor,Doctor Who,Description
Offer,Jdvr,Eleventh Doctor/Jack Harkness/River Song,Doctor Who,Description
Offer,Scmh,Seventh Doctor/Twelfth Doctor,Doctor Who,Description
Offer,Ckdx,Amy Pond/Rory Williams,Doctor Who,Description
Offer,Pkqy,Tegan Jovanka/Nyssa of Traken,Doctor Who,Description
Offer,Ixpz,Twelfth Doctor/Idris,Doctor Who,Description
Offer,Grys,Sixth Doctor/Peri Brown/Yrcanos,Doctor Who,Description
Offer,Wair,Twelfth Doctor/Jack Harkness,Doctor Who,Description
Offer,Oiab,Twelfth Doctor/Jenny (Doctor Who: the Doctor's Daughter),Doctor Who,Description
Offer,Kexu,Tenth Doctor/The Master (Simm),Doctor Who,Description
Offer,Uilx,Twelfth Doctor/Jenny (Doctor Who: the Doctor's Daughter),Doctor Who,Description
Offer,Crkd,Eighth Doctor/Charley Pollard,Doctor Who,Description
Offer,Dtae,Third Doctor/Sarah Jane Smith,Doctor Who,Description
Offer,Eyog,Seventh Doctor/Sarah Jane Smith,Doctor Who,Description
Offer,Otau,Ian Chesterton/Clara Oswin Oswald,Doctor Who,Description
Offer,Clhp,Vislor Turlough/Bernice Summerfield,Doctor Who,Description
Offer,Zlnf,Tenth Doctor/Jack Harkness,Doctor Who,Description
Offer,Jldq,Peri Brown/Erimem,Doctor Who,Description
Offer,Geel,Jack Harkness/Original Jack Harkness/Ianto Jones,Doctor Who,Description
Offer,Lbly,Twelfth Doctor/Idris,Doctor Who,Description
Offer,Vzci,Sixth Doctor/Peri Brown/Yrcanos,Doctor Who,Description
Offer,Koxh,Seventh Doctor/Ace McShane/Sabalom Glitz/Melanie Bush,Doctor Who,Description
Offer,Dxdd,Sixth Doctor/Peri Brown/Yrcanos,Doctor Who,Description
Offer,Vljx,Eighth Doctor/Fitz Kreiner,Doctor Who,Description
Offer,Jdvr,Eighth Doctor/Charley Pollard,Doctor Who,Description
Offer,Scmh,Adelaide Brooke/Wilfred Mott,Doctor Who,Description
Offer,Ckdx,Vislor Turlough/Bernice Summerfield,Doctor Who,Description
Offer,Pkqy,Tenth Doctor/Eleventh Doctor/Twelfth Doctor,Doctor Who,Description
Offer,Ixpz,Twelfth Doctor/Rose Tyler,Doctor Who,Description
Offer,Wair,Jack Harkness/Original Jack Harkness/Ianto Jones,Doctor Who,Description
Offer,Oiab,Ace McShane/Clara Oswin Oswald,Doctor Who,Description
Offer,Uilx,Ace McShane/Clara Oswin Oswald,Doctor Who,Description
Offer,Dtae,Barbara Wright/Master (Ainley),Doctor Who,Description
Offer,Eyog,Sixth Doctor/Peri Brown/Yrcanos,Doctor Who,Description
Offer,Clhp,Alice Carter/Jack Harkness,Doctor Who,Description
Offer,Zlnf,Charley Pollard/Donna Noble,Doctor Who,Description
Offer,Lbly,Fifth Doctor/Tegan Jovanka/Nyssa of Traken/Vislor Turlough,Doctor Who,Description
Offer,Vzci,First Doctor/River Song,Doctor Who,Description
Offer,Koxh,Martha Jones/Charley Pollard,Doctor Who,Description
Offer,Dxdd,Jack Harkness/River Song,Doctor Who,Description
Offer,Vljx,Clara Oswin Oswald/Rose Tyler,Doctor Who,Description
Offer,Scmh,Martha Jones/Thomas Milligan/Mickey Smith,Doctor Who,Description
Offer,Ckdx,Seventh Doctor/Sarah Jane Smith,Doctor Who,Description
Offer,Ixpz,Adric/Vislor Turlough,Doctor Who,Description
Offer,Wair,Eleventh Doctor/Clara Oswin Oswald,Doctor Who,Description
Offer,Oiab,Tenth Doctor/Eleventh Doctor/Twelfth Doctor,Doctor Who,Description
Offer,Uilx,Seventh Doctor/Twelfth Doctor,Doctor Who,Description
Offer,Zlnf,Seventh Doctor/Twelfth Doctor,Doctor Who,Description
Offer,Lbly,Tenth Doctor/Jack Harkness/Rose Tyler,Doctor Who,Description
Offer,Vzci,Fifth Doctor/Tegan Jovanka,Doctor Who,Description
Offer,Koxh,"Seventh Doctor/Thomas ""Hex"" Schofield",Doctor Who,Description
Offer,Dxdd,Eighth Doctor/Fitz Kreiner,Doctor Who,Description
Offer,Vljx,Twelfth Doctor/Jenny (Doctor Who: the Doctor's Daughter),Doctor Who,Description
Offer,Scmh,Twelfth Doctor/The War Doctor,Doctor Who,Description
Offer,Ckdx,Sixth Doctor/Peri Brown/Yrcanos,Doctor Who,Description
Offer,Ixpz,Twelfth Doctor/The War Doctor,Doctor Who,Description
Offer,Oiab,Grace Holloway/Martha Jones/Rory Williams,Doctor Who,Description
Offer,Uilx,Amy Pond/River Song,Doctor Who,Description
Offer,Lbly,Eleventh Doctor/Jack Harkness/River Song,Doctor Who,Description
Offer,Vzci,Suzie Costello/Jack Harkness,Doctor Who,Description
Offer,Dxdd,Eleventh Doctor/River Song,Doctor Who,Description
Offer,Vljx,Jenny (Doctor Who: The Doctor's Daughter)/River Song,Doctor Who,Description
Offer,Ckdx,Tegan Jovanka/Nyssa of Traken,Doctor Who,Description
Offer,Lbly,Fourth Doctor/Romana I,Doctor Who,Description
Offer,Clhp,Amy Pond/Rose Tyler,Doctor Who,Description
Offer,Lbly,Charley Pollard/Donna Noble,Doctor Who,Description
Offer,Clhp,Eighth Doctor/Charley Pollard,Doctor Who,Description
Offer,Lbly,Barbara Wright/Master (Ainley),Doctor Who,Description
Offer,Lbly,Fourth Doctor/Romana II,Doctor Who,Description
Offer,Onne,Fourth Doctor/Sarah Jane Smith,Doctor Who,Description
Offer,Clhp,Fourth Doctor/Romana II,Doctor Who,Description
Offer,Bxhb,Seventh Doctor/Twelfth Doctor,Doctor Who,Description
Offer,Vgvj,Seventh Doctor/Twelfth Doctor,Doctor Who,Description
Offer,Qskt,Grace Holloway/Martha Jones/Rory Williams,Doctor Who,Description
Offer,Hinf,Grace Holloway/Martha Jones/Rory Williams,Doctor Who,Description
Offer,Lbly,Adelaide Brooke/Wilfred Mott,Doctor Who,Description
Offer,Onne,Grace Holloway/Martha Jones/Rory Williams,Doctor Who,Description
Offer,Clhp,Fourth Doctor/Romana I,Doctor Who,Description
Offer,Bxhb,Suzie Costello/Toshiko Sato,Doctor Who,Description
Offer,Vgvj,Tenth Doctor/Reinette,Doctor Who,Description
Offer,Hinf,Mickey Smith/Rose Tyler,Doctor Who,Description
Offer,Lbly,Amy Pond/Amy Pond,Doctor Who,Description
Offer,Clhp,Clyde Langer/Luke Smith,Doctor Who,Description
Offer,Bxhb,Sixth Doctor/Peri Brown/Yrcanos,Doctor Who,Description
Offer,Lbly,Amy Pond/Rose Tyler,Doctor Who,Description
Offer,Clhp,Eighth Doctor/Grace Holloway/The Master (Roberts),Doctor Who,Description
Offer,Lbly,Bernice Summerfield/Jack Harkness,Doctor Who,Description
Offer,Lbly,Fifth Doctor/The Master (Ainley),Doctor Who,Description
Offer,Lbly,Eighth Doctor/Donna Noble,Doctor Who,Description